Compound,Compound Class,Composite (Y or N),Oxided or nitrided,Presence of Carbon,Carbon Structures,N-doped Carbon Structure (0 or 1),Doping (other than TMs),Morphology Category,Grown on,"Porous - 1, Non-Porous - 0",Substrates,Presence of atoms (other than TMs),Cobalt atoms,Nickel atoms,Iron atoms,Molybdenum atoms,Manganese atoms,Copper atoms,Zinc atoms,Chromium Atoms,Vanadium Atoms,Tungsten atoms,Titanium atoms,Average d electrons,pH,Concentration Electrolyte,Catalyst Loading (mg/cm2),Overpotential (mV)
Zn-Co3O4,Co,0,0,0,0,0,0,7,3,1,TM_based,0,3,0,0,0,0,0,0.057,0,0,0,0,2.428571429,13,0.1,0.45,182
CoFe(3:1)-N,Co,0,1,0,0,0,0,7,0,1,GC,0,3,0,1,0,0,0,0,0,0,0,0,5.4,14,1,0.458,200
FeCoGaOx,Co,0,0,0,0,0,1,8,0,0,NF,31,1,0,1,0,0,0,0,0,0,0,0,,14,1,0.4,215
FeCoGaOx,Co,0,0,0,0,0,1,8,0,0,carbon_based,31,1,0,1,0,0,0,0,0,0,0,0,,14,1,0.4,237
FeCoGaOx,Co,0,0,0,0,0,1,8,0,0,GC,31,1,0,1,0,0,0,0,0,0,0,0,,14,1,0.4,245
Co1.75Al1.25O4,Co,0,0,0,0,0,1,7,0,1,GC,13,1.75,0,0,0,0,0,0,0,0,0,0,5.918083462,14,1,0.64,248
FeCoOx,Co,0,0,0,0,0,0,8,0,0,NF,0,1,0,1,0,0,0,0,0,0,0,0,6.26,14,1,0.4,253
Zn0.8Co2.2O4,Co,0,0,0,0,0,0,3,0,0,GC,0,2.2,0,0,0,0,0,0.8,0,0,0,0,2.214285714,13,0.1,1,254
Co1.5Al1.5O4,Co,0,0,0,0,0,1,7,0,1,GC,13,1.5,0,0,0,0,0,0,0,0,0,0,,14,1,0.64,258
Co2N0.67,Co,0,1,0,0,0,0,6,0,1,GC,0,2,0,0,0,0,0,0,0,0,0,0,5.243445693,14,1,0.469,258
Fe-Co3O4,Co,0,0,0,0,0,0,7,0,1,GC,0,3,0,0.05,0,0,0,0,0,0,0,0,,14,1,0.25,262
NiCo2O4,Co,0,0,0,0,0,0,6,0,0,NF,0,2,1,0,0,0,0,0,0,0,0,0,6,14,1,1,270
NiCo2O4,Co,0,0,0,0,0,0,7,0,0,NF,0,2,1,0,0,0,0,0,0,0,0,0,3,14,1,1.12,270
Co2.1Al0.9O4,Co,0,0,0,0,0,1,7,0,1,GC,13,2.1,0,0,0,0,0,0,0,0,0,0,,14,1,0.64,272
NiCo2−xFexO4,Co,0,0,0,0,0,0,6,0,1,carbon_based,0,1.883,1,0.117,0,0,0,0,0,0,0,0,,14,1,0.5,274
FeCoGaOx,Co,0,0,0,0,0,1,8,0,0,TM_based,31,1,0,1,0,0,0,0,0,0,0,0,4.333333333,14,1,0.4,275
CoN,Co,0,1,0,0,0,0,6,2,1,GC,0,1,0,0,0,0,0,0,0,0,0,0,5.166666667,14,1,0.306,276
PF/Ni1.5Co1.5N (NIN),Co,0,1,0,0,0,1,2,0,1,GC,15,1.5,1.5,0,0,0,0,0,0,0,0,0,3.5,14,1,0.27,280
Fe-Doped CoO,Co,0,0,0,0,0,0,2,0,1,carbon_based,0,1,0,0.07,0,0,0,0,0,0,0,0,,14,1,2.5,282
Zn0.6Co2.4O4,Co,0,0,0,0,0,0,3,0,0,GC,0,2.4,0,0,0,0,0,0.6,0,0,0,0,,13,0.1,1,287
Co2.4Al0.6O4,Co,0,0,0,0,0,1,7,0,1,GC,13,2.4,0,0,0,0,0,0,0,0,0,0,5.5,14,1,0.64,290
Co3Mo3N,Co,0,1,0,0,0,0,2,0,1,GC,0,3,0,0,3,0,0,0,0,0,0,0,,14,1,0.125,290
PF/Co2.25Ni0.75N,Co,0,1,0,0,0,1,2,0,1,GC,15,2.25,0.75,0,0,0,0,0,0,0,0,0,5.573975045,14,1,0.27,290
NiCo2O4,Co,0,0,1,3,0,0,6,0,1,NF,0,2,1,0,0,0,0,0,0,0,0,0,,14,1,1,290
FeCoOx,Co,0,0,0,0,0,0,8,0,0,GC,0,1,0,1,0,0,0,0,0,0,0,0,,14,1,0.4,294
CoGaOx,Co,0,0,0,0,0,1,8,0,0,NF,31,1,0,0,0,0,0,0,0,0,0,0,3.5,14,1,0.4,295
ZnCo2O4,Co,0,0,0,0,0,0,3,0,0,GC,0,2,0,0,0,0,0,1,0,0,0,0,2.14,13,0.1,1,300
Co2VO4,Co,0,0,1,3,0,0,7,0,1,GC,0,2,0,0,0,0,0,0,0,1,0,0,3.75,14,1,0.694,300
CoN,Co,0,1,0,0,0,0,5,2,1,GC,0,1,0,0,0,0,0,0,0,0,0,0,,14,1,0.306,304
FeCoOx,Co,0,0,0,0,0,0,8,0,0,TM_based,0,1,0,1,0,0,0,0,0,0,0,0,3.784482759,14,1,0.4,304
Zn0.4Co2.6O4,Co,0,0,0,0,0,0,3,0,0,GC,0,2.6,0,0,0,0,0,0.4,0,0,0,0,4,13,0.1,1,306
Co3O4,Co,0,0,0,0,0,0,7,0,1,GC,0,3,0,0,0,0,0,0,0,0,0,0,,14,1,0.34,307
FeCoO,Co,0,0,1,3,0,0,7,0,0,GC,0,1,0,1,0,0,0,0,0,0,0,0,,13,0.1,0.36,308
PF/Co3N,Co,0,1,0,0,0,1,2,0,1,GC,15,3,0,0,0,0,0,0,0,0,0,0,,14,1,0.27,310
6%Te-Co3O4,Co,0,0,0,0,0,1,3,0,0,GC,52,3,0,0,0,0,0,0,0,0,0,0,2.42,14,1,0.24,313
Co4N,Co,0,1,0,0,0,0,2,0,1,GC,0,4,0,0,0,0,0,0,0,0,0,0,6,14,1,0.285,313
Co3O4,Co,0,0,0,0,0,0,7,0,0,GC,0,3,0,0,0,0,0,0,0,0,0,0,,14,1,0.25,314
FeCoOx,Co,0,0,0,0,0,0,8,0,0,carbon_based,0,1,0,1,0,0,0,0,0,0,0,0,3.5,14,1,0.4,316
CoO,Co,0,0,0,0,0,0,2,0,0,carbon_based,0,1,0,0,0,0,0,0,0,0,0,0,3.5,14,1,2.5,320
CoO,Co,0,0,0,0,0,0,7,0,0,carbon_based,0,1,0,0,0,0,0,0,0,0,0,0,3.5,14,1,1,320
CoNi(3:1)-N,Co,0,1,0,0,0,0,7,0,1,GC,0,3,1,0,0,0,0,0,0,0,0,0,2.57,14,1,0.458,320
P/Ni1.5Co1.5N,Co,0,1,0,0,0,1,2,0,1,GC,15,1.5,1.5,0,0,0,0,0,0,0,0,0,2.428571429,14,1,0.27,320
Fe3CoO,Co,0,0,1,3,0,0,7,0,0,GC,0,1,0,3,0,0,0,0,0,0,0,0,5.425,13,0.1,0.36,323
Zn0.2Co2.8O4,Co,0,0,0,0,0,0,3,0,0,GC,0,2.8,0,0,0,0,0,0.2,0,0,0,0,4.333333333,13,0.1,1,325
CuCoO,Co,0,0,0,0,0,0,2,1,1,NF,0,1,0,0,0,0,1,0,0,0,0,0,2.428571429,14,1,1,325
CoCrOx,Co,0,0,0,0,0,0,8,0,0,GC,0,1,0,0,0,0,0,0,1,0,0,0,2.428571429,14,1,0.4,326
Co3O4,Co,0,0,0,0,0,0,2,0,0,GC,0,3,0,0,0,0,0,0,0,0,0,0,2.57,14,1,0.64,327
CoOx,Co,0,0,0,0,0,0,8,0,0,GC,0,1,0,0,0,0,0,0,0,0,0,0,5.6,14,1,0.4,327
Co3O4,Co,0,0,0,0,0,0,3,0,0,NF,0,3,0,0,0,0,0,0,0,0,0,0,5.2,14,1,1,328
NiCo2O4,Co,0,0,0,0,0,0,6,0,1,carbon_based,0,2,1,0,0,0,0,0,0,0,0,0,3.5,14,1,0.5,330
Co4N,Co,0,1,0,0,0,0,1,0,0,GC,0,4,0,0,0,0,0,0,0,0,0,0,2.571428571,14,1,0.285,330
Co4N,Co,0,1,0,0,0,0,2,0,0,GC,0,4,0,0,0,0,0,0,0,0,0,0,,14,1,0.125,330
CoMn(3:1)-N,Co,0,1,0,0,0,0,7,0,1,GC,0,3,0,0,0,1,0,0,0,0,0,0,,14,1,0.458,330
Co2.25Cr0.75O4,Co,0,0,0,0,0,0,3,0,0,GC,0,2.25,0,0,0,0,0,0,0.75,0,0,0,2.428571429,14,1,1.68,332
CoOx,Co,0,0,0,0,0,0,8,0,0,NF,0,1,0,0,0,0,0,0,0,0,0,0,6,14,1,0.4,333
Co3O4,Co,0,0,0,0,0,0,7,0,1,GC,0,3,0,0,0,0,0,0,0,0,0,0,,13,0.1,0.34,335
NiCo2−xFexO4,Co,0,0,0,0,0,0,3,0,0,carbon_based,0,1.883,1,0.117,0,0,0,0,0,0,0,0,5.6,14,1,0.5,336
Co3−xFexO4,Co,0,0,0,0,0,0,6,0,1,carbon_based,0,2.883,0,0.117,0,0,0,0,0,0,0,0,2.428571429,14,1,0.5,337
ZnxCo3–xO4,Co,0,0,0,0,0,0,6,0,1,GC,0,2.23,0,0,0,0,0,1,0,0,0,0,1.272727273,14,1,0.21,337
CoN,Co,0,1,0,0,0,0,6,2,1,GC,0,1,0,0,0,0,0,0,0,0,0,0,2.428571429,14,1,0.306,338
Co3O4 ,Co,0,0,0,0,0,0,3,0,0,NF,0,3,0,0,0,0,0,0,0,0,0,0,5.918083462,14,1,1,339
Co2V2O7,Co,0,0,0,0,0,0,7,0,1,GC,0,2,0,0,0,0,0,0,0,2,0,0,2.857,14,1,0.28,340
Co5.47N,Co,0,1,0,0,0,0,1,0,0,GC,0,5.47,0,0,0,0,0,0,0,0,0,0,,14,1,0.459,340
Co5.47N,Co,0,1,0,0,0,0,7,0,1,GC,0,5.47,0,0,0,0,0,0,0,0,0,0,,14,1,0.458,340
F/Ni1.5Co1.5N,Co,0,1,0,0,0,1,2,0,1,GC,9,1.5,1.5,0,0,0,0,0,0,0,0,0,2.428571429,14,1,0.27,340
LiCo0.8Fe0.2O2,Co,0,0,1,3,0,0,8,0,0,GC,3,0.8,0,0.2,0,0,0,0,0,0,0,0,5.6,12.6,0.1,0.232,340
Co2.25Cr0.75O4,Co,0,0,0,0,0,0,3,0,0,GC,0,2.25,0,0,0,0,0,0,0.75,0,0,0,,14,1,1.26,344
FeCo3O,Co,0,0,1,3,0,0,7,0,0,GC,0,3,0,1,0,0,0,0,0,0,0,0,5.625,13,0.1,0.36,348
Co2.25Cr0.75O4,Co,0,0,0,0,0,0,3,0,0,GC,0,2.25,0,0,0,0,0,0,0.75,0,0,0,2.57,14,1,0.84,350
CoZn(3:1)-N,Co,0,1,0,0,0,0,7,0,1,GC,0,3,0,0,0,0,0,1,0,0,0,0,2.42,14,1,0.458,350
Ni1.5Co1.5N (NN),Co,0,1,0,0,0,0,2,0,1,GC,0,1.5,1.5,0,0,0,0,0,0,0,0,0,2,14,1,0.27,350
Fe0.5Ni0.5Co2O4,Co,0,0,0,0,0,0,2,0,0,NF,0,2,0.5,0.5,0,0,0,0,0,0,0,0,,14,1,,350
4%Te-Co3O4,Co,0,0,0,0,0,1,3,0,0,GC,52,3,0,0,0,0,0,0,0,0,0,0,2.428571429,14,1,0.24,353
CoOx,Co,0,0,0,0,0,0,8,0,0,GC,0,1,0,0,0,0,0,0,0,0,0,0,1.615384615,14,1,0.4,353
8%Te-Co3O4,Co,0,0,0,0,0,1,3,0,0,GC,52,3,0,0,0,0,0,0,0,0,0,0,,14,1,0.24,358
Co3O4,Co,0,0,0,0,0,0,3,0,0,GC,0,3,0,0,0,0,0,0,0,0,0,0,2.57,13,0.1,1,358
Co3V2O8,Co,0,0,0,0,0,0,3,0,1,GC,0,3,0,0,0,0,0,0,0,2,0,0,3.285714286,14,1,0.21,359
Co5.47N,Co,0,1,0,0,0,0,6,0,0,GC,0,5.47,0,0,0,0,0,0,0,0,0,0,,14,1,0.469,359
Co2.5Cr0.5O4,Co,0,0,0,0,0,0,3,0,0,GC,0,2.5,0,0,0,0,0,0,0.5,0,0,0,6,14,1,0.84,360
CoZn(1:1)-N,Co,0,1,0,0,0,0,7,0,1,GC,0,1,0,0,0,0,0,1,0,0,0,0,6,14,1,0.458,360
NiCo2O4,Co,0,0,0,0,0,0,6,0,1,NF,0,2,1,0,0,0,0,0,0,0,0,0,6,14,1,0.12,360
Co6.7Fe3.3Ox,Co,0,0,1,2,1,0,7,0,1,GC,0,6.7,0,3.3,0,0,0,0,0,0,0,0,3.5,14,1,0.357,362
NixCo3–xO4,Co,0,0,0,0,0,0,6,0,1,GC,0,2.25,1,0,0,0,0,0,0,0,0,0,5.25,14,1,0.21,363
Co2.25Cr0.75O4,Co,0,0,0,0,0,0,3,0,0,GC,0,2.25,0,0,0,0,0,0,0.75,0,0,0,4,14,1,0.42,367
CoO,Co,0,0,0,0,0,0,3,0,0,carbon_based,0,1,0,0,0,0,0,0,0,0,0,0,4.857142857,14,1,2.5,369
Co2CrO4,Co,0,0,0,0,0,0,3,0,0,GC,0,2,0,0,0,0,0,0,1,0,0,0,5.15,14,1,0.84,370
Co3N,Co,0,1,0,0,0,0,1,0,0,GC,0,3,0,0,0,0,0,0,0,0,0,0,6,14,1,0.285,370
CoMn(1:1)-N,Co,0,1,0,0,0,0,7,0,1,GC,0,1,0,0,0,1,0,0,0,0,0,0,1.5,14,1,0.458,370
CoMoNx,Co,0,1,0,0,0,0,7,0,0,GC,0,1,0,0,1,0,0,0,0,0,0,0,2.428571429,14,1,7.25,370
Co3O4,Co,0,0,0,0,0,0,7,0,0,GC,0,3,0,0,0,0,0,0,0,0,0,0,6,14,1,,374
Co3O4,Co,0,0,0,0,0,0,3,0,0,GC,0,3,0,0,0,0,0,0,0,0,0,0,,14,1,0.24,374
Co3O4,Co,0,0,0,0,0,0,2,0,1,GC,0,3,0,0,0,0,0,0,0,0,0,0,,14,1,0.285,375
CoGaOx,Co,0,0,0,0,0,1,8,0,0,carbon_based,31,1,0,0,0,0,0,0,0,0,0,0,6,14,1,0.4,377
CoGaOx,Co,0,0,0,0,0,1,8,0,0,GC,31,1,0,0,0,0,0,0,0,0,0,0,,14,1,0.4,378
CoGaOx,Co,0,0,0,0,0,1,8,0,0,TM_based,31,1,0,0,0,0,0,0,0,0,0,0,,14,1,0.4,378
NiCo2O4,Co,0,0,0,0,0,0,2,2,1,carbon_based,0,2,1,0,0,0,0,0,0,0,0,0,5.918083462,14,1,0.6,380
Co1.25Cr1.75O4,Co,0,0,0,0,0,0,3,0,0,GC,0,1.25,0,0,0,0,0,0,1.75,0,0,0,2.857,14,1,0.84,380
Co1.75Cr1.25O4,Co,0,0,0,0,0,0,3,0,0,GC,0,1.75,0,0,0,0,0,0,1.25,0,0,0,,14,1,0.84,380
Co2.25Cr0.75O4,Co,0,0,0,0,0,0,3,0,0,GC,0,2.25,0,0,0,0,0,0,0.75,0,0,0,1.814285714,14,1,0.21,380
Co2.75Cr0.25O4,Co,0,0,0,0,0,0,3,0,0,GC,0,2.75,0,0,0,0,0,0,0.25,0,0,0,,14,1,0.84,380
ZnCo2O4,Co,0,0,0,0,0,0,6,0,1,GC,0,2,0,0,0,0,0,1,0,0,0,0,2.035714286,14,1,0.21,380
Fe0.25Ni0.75Co2O4,Co,0,0,0,0,0,0,2,0,0,NF,0,2,0.75,0.25,0,0,0,0,0,0,0,0,4.25,14,1,,380
Co3O4,Co,0,0,0,0,0,0,3,0,1,GC,0,3,0,0,0,0,0,0,0,0,0,0,2.428571429,14,1,0.21,384
Co3O4,Co,0,0,0,0,0,0,6,0,1,carbon_based,0,3,0,0,0,0,0,0,0,0,0,0,1.333333333,14,1,0.5,390
Co1.5Cr1.5O4,Co,0,0,0,0,0,0,3,0,0,GC,0,1.5,0,0,0,0,0,0,1.5,0,0,0,3,14,1,0.84,390
Co2N,Co,0,1,0,0,0,0,1,0,0,GC,0,2,0,0,0,0,0,0,0,0,0,0,3,14,1,0.285,390
Co4N,Co,0,1,0,0,0,0,2,0,1,GC,0,4,0,0,0,0,0,0,0,0,0,0,5.229149798,13,0.1,0.285,391
CoOx,Co,0,0,0,0,0,0,8,0,0,carbon_based,0,1,0,0,0,0,0,0,0,0,0,0,,14,1,0.4,394
Co2.25Cr0.75O4,Co,0,0,0,0,0,0,3,0,0,GC,0,2.25,0,0,0,0,0,0,0.75,0,0,0,2.428571429,14,1,0.168,394
CuxCo3–xO4,Co,0,0,0,0,0,0,6,0,1,GC,0,2,0,0,0,0,1,0,0,0,0,0,,14,1,0.21,395
Co3O4,Co,0,0,0,0,0,0,5,0,0,carbon_based,0,3,0,0,0,0,0,0,0,0,0,0,2.428571429,13,0.1,,399
Co2.25Cr0.75O4,Co,0,0,0,0,0,0,3,0,0,GC,0,2.25,0,0,0,0,0,0,0.75,0,0,0,,14,1,0.126,400
CoCr2O4,Co,0,0,0,0,0,0,3,0,0,GC,0,1,0,0,0,0,0,0,2,0,0,0,4,14,1,0.84,400
CoMn(1:3)-N,Co,0,1,0,0,0,0,7,0,1,GC,0,1,0,0,0,3,0,0,0,0,0,0,6,14,1,0.458,400
CuCo2O4,Co,0,0,0,0,0,0,3,0,0,GC,0,2,0,0,0,0,1,0,0,0,0,0,6,14,1,0.14,400
FeCoO,Co,0,0,1,3,0,0,3,0,0,GC,0,1,0,1,0,0,0,0,0,0,0,0,2.428571429,13,0.1,0.36,400
Fe0.75Ni0.25Co2O4,Co,0,0,0,0,0,0,2,0,0,NF,0,2,0.25,0.75,0,0,0,0,0,0,0,0,2.428571429,14,1,,400
Co3O4,Co,0,0,0,0,0,0,6,0,1,NF,0,3,0,0,0,0,0,0,0,0,0,0,2.428571429,14,1,1,403
Co8.7Fe1.3Ox,Co,0,0,1,2,1,0,7,0,1,GC,0,8.7,0,1.3,0,0,0,0,0,0,0,0,2.71,14,1,0.357,408
CoMoO4,Co,0,0,0,0,0,0,2,0,0,GC,0,1,0,0,1,0,0,0,0,0,0,0,6,14,1,0.125,410
Fe0.9Ni0.1Co2O4,Co,0,0,0,0,0,0,2,0,0,NF,0,2,0.1,0.9,0,0,0,0,0,0,0,0,2.428571429,14,1,,410
FeCo2O4,Co,0,0,0,0,0,0,2,0,0,NF,0,2,0,1,0,0,0,0,0,0,0,0,4,14,1,,410
Co3O4,Co,0,0,0,0,0,0,6,0,1,GC,0,3,0,0,0,0,0,0,0,0,0,0,2.57,13,0.1,0.1,411
Co2N,Co,0,1,0,0,0,0,3,0,0,GC,0,2,0,0,0,0,0,0,0,0,0,0,2.857,14,1,0.284,413
Co3O4,Co,0,0,0,0,0,0,2,0,0,GC,0,3,0,0,0,0,0,0,0,0,0,0,,14,1,,414
Co3O4,Co,0,0,0,0,0,0,2,0,0,GC,0,3,0,0,0,0,0,0,0,0,0,0,2.428571429,14,1,0.285,414
Co2.25Cr0.75O4,Co,0,0,0,0,0,0,3,0,0,GC,0,2.25,0,0,0,0,0,0,0.75,0,0,0,4,14,1,0.084,420
Co3O4,Co,0,0,0,0,0,0,3,0,0,GC,0,3,0,0,0,0,0,0,0,0,0,0,2.428571429,14,1,0.14,420
FeCo9O,Co,0,0,1,3,0,0,7,0,0,GC,0,9,0,1,0,0,0,0,0,0,0,0,2.57,13,0.1,0.36,420
Co3O4,Co,0,0,0,0,0,0,6,0,1,GC,0,3,0,0,0,0,0,0,0,0,0,0,2.57,14,1,0.21,422
Co3O4,Co,0,0,0,0,0,0,3,0,0,GC,0,3,0,0,0,0,0,0,0,0,0,0,,13,0.1,0.2,426
NiCo2O4,Co,0,0,0,0,0,0,7,0,0,GC,0,2,1,0,0,0,0,0,0,0,0,0,2.428571429,14,1,,426
NiCo2O4,Co,0,0,0,0,0,0,3,0,0,GC,0,2,1,0,0,0,0,0,0,0,0,0,1.814285714,14,1,,426
NiCo2O4,Co,0,0,0,0,0,0,6,0,1,GC,0,2,1,0,0,0,0,0,0,0,0,0,3,14,1,25.5,428
NiCo2O4,Co,0,0,0,0,0,0,2,0,0,GC,0,2,1,0,0,0,0,0,0,0,0,0,2.428571429,14,1,1.06,430
Co10Ox,Co,0,0,1,2,1,0,7,0,1,GC,0,10,0,0,0,0,0,0,0,0,0,0,3.114285714,14,1,0.357,430
Co3O4,Co,0,0,1,4,0,0,7,0,0,GC,0,3,0,0,0,0,0,0,0,0,0,0,1.814285714,14,1,0.204,430
LiCoO2,Co,0,0,1,3,0,0,8,0,0,GC,3,1,0,0,0,0,0,0,0,0,0,0,4.5,12.6,0.1,0.232,430
Co3O4,Co,0,0,0,0,0,0,6,0,0,GC,0,3,0,0,0,0,0,0,0,0,0,0,2.428571429,14,1,,433
Fe0.1Ni0.9Co2O4,Co,0,0,0,0,0,0,2,0,0,NF,0,2,0.1,0.9,0,0,0,0,0,0,0,0,4,14,1,,435
Co2.25Cr0.75O4,Co,0,0,0,0,0,0,3,0,0,GC,0,2.25,0,0,0,0,0,0,0.75,0,0,0,1.5,14,1,0.042,440
Co3O4,Co,0,0,0,0,0,0,6,0,0,NF,0,3,0,0,0,0,0,0,0,0,0,0,0,14,1,0.12,440
Co3O4,Co,0,0,0,0,0,0,3,0,1,GC,0,3,0,0,0,0,0,0,0,0,0,0,1.5,13,0.1,0.1,449
NiO/CoN/ amorphous C3N4,Co,1,1,1,3,0,0,3,1,1,NF,0,1,6.44,0,0,0,0,0,0,0,0,0,3.75,14,1,,195
CoVFeN@NF,Co,1,1,0,0,0,0,3,1,1,NF,0,1,0,1,0,0,0,0,0,1,0,0,4,14,1,1.66,212
FeCoOx-Vo-S,Co,1,0,0,0,0,1,7,0,0,GC,16,1,0,2,0,0,0,0,0,0,0,0,,14,1,0.36,217
Co3O4/C,Co,1,0,1,3,0,0,2,3,1,TM_based,0,3,0,0,0,0,0,0,0,0,0,0,6,14,1,0.2,223
Co3OxNy,Co,1,1,1,3,0,0,7,3,1,carbon_based,0,3,0,0,0,0,0,0,0,0,0,0,,14,1,,230
CuCo2Nx@NC,Co,1,1,1,3,1,0,7,2,1,carbon_based,0,6.15,0,0,0,0,2.86,0,0,0,0,0,,14,1,2,230
Au/CoMoNx,Co,1,1,0,0,0,1,7,3,1,GC,79,1,0,0,1,0,0,0,0,0,0,0,,14,1,7.25,230
CoWN/NF,Co,1,1,0,0,0,0,6,1,1,NF,0,1,0,0,0,0,0,0,0,0,5,0,,14,1,,232
Co3O4@CoP,Co,1,0,0,0,0,1,4,1,0,GC,15,1.478,0,0,0,0,0,0,0,0,0,0,2.214285714,14,1,1,238
Cr-NiCo2O4/NF,Co,1,0,0,0,0,0,2,1,1,NF,0,2,1,0,0,0,0,0,0.0279,0,0,0,4.892857143,14,1,1,238
Co5.47N/NC,Co,1,1,1,3,1,0,3,0,1,GC,0,5.03,0,0,0,0,0,0,0,0,0,0,6.26,14,1,0.45,248
CoN/CC,Co,1,1,1,3,0,0,2,2,1,carbon_based,0,1,0,0,0,0,0,0,0,0,0,0,3.5,14,1,,251
Co3O4/Fe2O3/NF,Co,1,0,0,0,0,0,7,1,1,NF,0,3,0,2,0,0,0,0,0,0,0,0,,14,1,0.325,254
Co4N/CC,Co,1,1,1,3,0,0,2,2,1,carbon_based,0,4,0,0,0,0,0,0,0,0,0,0,5.6,14,1,0.82,257
Co4N/CC,Co,1,1,1,3,0,0,2,2,1,carbon_based,0,4,0,0,0,0,0,0,0,0,0,0,5.6,14,1,0.82,257
Co4N@NC,Co,1,1,1,3,1,0,3,0,1,GC,0,4,0,0,0,0,0,0,0,0,0,0,5.6,14,1,0.285,257
CoO/Co3O4,Co,1,0,0,0,0,0,5,0,1,carbon_based,0,4,0,0,0,0,0,0,0,0,0,0,2.964285714,14,1,,260
Co2N0.67 - CMF,Co,1,1,1,1,0,0,6,2,0,GC,0,2,0,0,0,0,0,0,0,0,0,0,5.243445693,14,1,0.459,260
TRGO/Co3O4,Co,1,0,1,4,0,0,6,2,0,GC,0,3,0,0,0,0,0,0,0,0,0,0,3.5,0,0.5,0.01,260
CoNx@GDY/NF,Co,1,1,1,2,0,0,7,1,1,NF,0,1,0,0,0,0,0,0,0,0,0,0,2.428571429,14,1,3.83,260
CoOx/NC,Co,1,0,1,3,1,0,7,0,1,NF,0,1,0,0,0,0,0,0,0,0,0,0,,14,1,1,260
Co3O4@C,Co,1,0,1,3,0,0,4,1,1,GC,0,6.2,0,0,0,0,0,0,0,0,0,0,2.428571429,14,1,1,261
Co4N-VN1-xOx/CC,Co,1,1,1,3,0,0,7,2,1,carbon_based,0,3,0,0,0,0,0,0,0,1,0,0,6.55,14,1,2.03,263
Mn-CoN/CFC,Co,1,1,1,3,0,0,2,2,1,carbon_based,0,0.85,0,0,0,0.15,0,0,0,0,0,0,,14,1,,265
CeO2-CuCoO/NF,Co,1,0,0,0,0,1,6,1,1,NF,58,1,0,0,0,0,1,0,0,0,0,0,2.571428571,14,1,1,266
NiCo2O4@C,Co,1,0,1,1,0,0,6,0,0,NF,0,2,1,0,0,0,0,0,0,0,0,0,,14,1,1,267
Co3FeNx/NC-10,Co,1,1,1,1,1,0,2,2,1,carbon_based,0,3,0,1,0,0,0,0,0,0,0,0,2.964285714,14,1,,270
Au/CoMoO4,Co,1,0,0,0,0,1,7,3,1,GC,79,1,0,0,1,0,0,0,0,0,0,0,2.571428571,14,1,7.25,270
Co3O4/CeO2,Co,1,0,1,4,0,1,4,0,0,GC,58,3,0,0,0,0,0,0,0,0,0,0,,14,1,0.204,270
CoO-NiO-NiCo/NCNT,Co,1,0,1,1,1,0,3,2,0,GC,0,2,2,0,0,0,0,0,0,0,0,0,1.214285714,14,1,0.21,270
CoO/Co3O4,Co,1,0,0,0,0,0,5,0,1,TM_based,0,4,0,0,0,0,0,0,0,0,0,0,,14,1,,270
Co/CoN/Co2P-NPC,Co,1,1,1,3,1,1,4,0,1,GC,15,0.1394,0,0,0,0,0,0,0,0,0,0,,14,1,0.35,272
CoVN@NF,Co,1,1,0,0,0,0,3,1,1,NF,0,1,0,0,0,0,0,0,0,1,0,0,2.285714286,14,1,1.66,277
C/ZnCo2O4/ZnO/CF,Co,1,0,1,1,0,0,4,2,0,carbon_based,0,2,0,0,0,0,0,2,0,0,0,0,6,14,1,,279
Co3N-NC-2h,Co,1,1,1,3,1,0,6,0,1,carbon_based,0,3.7,0,0,0,0,0,0,0,0,0,0,5.243445693,14,1,2.6,280
CoN/CC,Co,1,1,1,3,0,0,6,2,0,carbon_based,0,1,0,0,0,0,0,0,0,0,0,0,5.25,14,1,2.3,280
Co2N0.67 - GN,Co,1,1,1,2,0,0,6,2,0,GC,0,2,0,0,0,0,0,0,0,0,0,0,,14,1,0.459,280
CoOx /CoNy @CN,Co,1,1,1,2,1,0,3,0,1,GC,0,2,0,0,0,0,0,0,0,0,0,0,,14,1,0.288,280
P-Co3O4,Co,1,0,0,0,0,1,7,3,0,TM_based,15,3,0,0,0,0,0,0,0,0,0,0,,14,1,0.4,280
NiCo2O3@OMC,Co,1,0,1,3,0,0,3,2,1,GC,0,2,1,0,0,0,0,0,0,0,0,0,4.5,14,1,0.567,281
Co4N/CC,Co,1,1,1,3,0,0,2,2,1,carbon_based,0,4,0,0,0,0,0,0,0,0,0,0,5.25,13,0.1,0.82,283
NiCo2O4/NF,Co,1,0,0,0,0,0,7,1,1,NF,0,2,1,0,0,0,0,0,0,0,0,0,,14,1,0.6,284
M-Co3N@AN-C NCs,Co,1,1,1,3,1,0,6,0,1,carbon_based,0,3,0,0,0,0,0,0,0,0,0,0,,14,1,,285
Mn-CoN/CFC,Co,1,1,1,3,0,0,2,2,1,carbon_based,0,0.85,0,0,0,0.15,0,0,0,0,0,0,,7.6,1,,285
Co3O4@CoS,Co,1,0,0,0,0,1,4,1,0,GC,16,2.91,0,0,0,0,0,0,0,0,0,0,,14,1,1,289
MnCo2O4/NF,Co,1,0,0,0,0,0,6,1,1,NF,0,2,0,0,0,1,0,0,0,0,0,0,5.142857143,14,1,,289
Co-Fe-N@MWCNT,Co,1,1,1,1,1,0,3,2,0,GC,0,3.61,0,1,0,0,0,0,0,0,0,0,5.243445693,14,1,0.24,290
Co2N0.67 - MPC,Co,1,1,1,3,0,0,6,2,1,GC,0,2,0,0,0,0,0,0,0,0,0,0,2.428571429,14,1,0.459,290
CoN/NF,Co,1,1,0,0,0,0,2,1,1,NF,0,1,0,0,0,0,0,0,0,0,0,0,,14,1,1.5,290
CoN/NF,Co,1,1,0,0,0,0,2,1,1,NF,0,1,0,0,0,0,0,0,0,0,0,0,5.6,14,1,1.5,290
NiCo2N/NF,Co,1,1,0,0,0,0,7,1,1,NF,0,2,1,0,0,0,0,0,0,0,0,0,,14,1,,290
Co3O4/C,Co,1,0,1,3,0,0,2,3,1,TM_based,0,3,0,0,0,0,0,0,0,0,0,0,,13,0.1,0.2,290
P-Co3O4,Co,1,0,0,0,0,1,7,3,0,TM_based,15,3,0,0,0,0,0,0,0,0,0,0,,13,0.1,0.4,291
Co-Mo-N-PHP,Co,1,1,1,3,0,0,7,2,1,GC,0,0.95,0,0,0.18,0,0,0,0,0,0,0,6,14,1,0.269,294
NiO/CoN,Co,1,1,1,1,0,0,2,2,1,carbon_based,0,1,1,0,0,0,0,0,0,0,0,0,2.857,14,1,0.2,300
CoN/NF,Co,1,1,0,0,0,0,7,1,1,NF,0,1,0,0,0,0,0,0,0,0,0,0,6,14,1,,300
CoWO/NF,Co,1,0,0,0,0,0,6,1,1,NF,0,4,0,0,0,0,0,0,0,0,6,0,1.25,14,1,,300
Co3O4@Co3O4,Co,1,0,0,0,0,0,4,1,1,GC,0,3.37,0,0,0,0,0,0,0,0,0,0,,14,1,1,301
Co–Mo2N,Co,1,1,0,0,0,0,2,0,0,GC,0,1,0,0,2,0,0,0,0,0,0,0,,14,1,0.7077,302
Co4N-VN1-xOx/CC,Co,1,1,1,3,0,0,7,2,1,carbon_based,0,4.41,0,0,0,0,0,0,0,1,0,0,1.880952381,14,1,1.71,303
Co3O4/RuO2,Co,1,0,0,0,0,1,6,0,0,GC,44,3,0,0,0,0,0,0,0,0,0,0,,14,1,0.285,305
Co-Mo-N-PHS,Co,1,1,1,3,0,0,6,2,1,GC,0,1.09,0,0,0.23,0,0,0,0,0,0,0,2.428571429,14,1,0.269,306
Co/CoN-NC,Co,1,1,1,3,1,0,3,0,1,GC,0,0.1151,0,0,0,0,0,0,0,0,0,0,5.166666667,14,1,0.35,306
Co3O4,Co,1,0,0,0,0,0,3,0,0,NF,0,3,0,0,0,0,0,0,0,0,0,0,3.5,14,1,1,308
NiCo2O4/NF,Co,1,0,0,0,0,0,2,1,1,NF,0,2,1,0,0,0,0,0,0,0,0,0,5.25,14,1,1,308
CoNx@NC,Co,1,1,0,0,1,0,7,0,1,carbon_based,0,1,0,0,0,0,0,0,0,0,0,0,,14,1,2,310
Co4N/CNW/CC,Co,1,1,1,1,1,0,3,2,1,carbon_based,0,4,0,0,0,0,0,0,0,0,0,0,5.243445693,14,1,,310
Au/CoNx,Co,1,1,0,0,0,1,7,3,1,GC,79,1,0,0,0,0,0,0,0,0,0,0,2.428571429,14,1,7.25,310
PF/Ni1.5Co1.5N (NIA),Co,1,1,0,0,0,1,2,0,1,GC,15,1.5,1.5,0,0,0,0,0,0,0,0,0,,14,1,0.27,310
Co2N0.67 - CNT,Co,1,1,1,1,0,0,6,2,0,GC,0,2,0,0,0,0,0,0,0,0,0,0,,14,1,0.459,310
Co3O4/N-rmgo,Co,1,0,1,4,1,0,6,2,0,NF,0,3,0,0,0,0,0,0,0,0,0,0,3.5,14,1,1,310
NiCo2O4@NiWO4,Co,1,0,0,0,0,0,2,1,1,NF,0,2,2,0,0,0,0,0,0,0,1,0,4.25,14,1,,310
Co4N-VN1-xOx/CC,Co,1,1,1,3,0,0,7,2,1,carbon_based,0,3,0,0,0,0,0,0,0,1,0,0,,14,1,1.94,311
CoN/CFC,Co,1,1,1,3,0,0,2,2,1,carbon_based,0,1,0,0,0,0,0,0,0,0,0,0,5.6,14,1,,312
CoMoO4,Co,1,0,0,0,0,0,6,0,1,GC,0,1,0,0,1,0,0,0,0,0,0,0,3.928571429,14,1,0.285,312
ZnCo2O4/ZnO/CF,Co,1,0,1,1,0,0,4,2,0,carbon_based,0,2,0,0,0,0,0,2,0,0,0,0,2.428571429,14,1,,313
Co-N-NC,Co,1,1,1,3,1,0,6,0,1,carbon_based,0,1,0,0,0,0,0,0,0,0,0,0,2.428571429,14,1,2.6,318
Ir/Co4N,Co,1,1,0,0,0,0,4,0,0,GC,0,4,0,0,0,0,0,0,0,0,0,0,5.8,0,0.5,0.152,319
Co3O4/CC,Co,1,0,1,3,0,0,2,2,1,carbon_based,0,3,0,0,0,0,0,0,0,0,0,0,2.8125,14,1,0.82,320
Co3O4/CC,Co,1,0,1,3,0,0,2,2,1,carbon_based,0,3,0,0,0,0,0,0,0,0,0,0,2.428571429,14,1,0.82,320
Co3O4/CC,Co,1,0,1,3,0,0,2,2,1,carbon_based,0,3,0,0,0,0,0,0,0,0,0,0,2.428571429,13,0.1,0.82,320
NiCo2O4,Co,1,0,1,3,0,0,2,2,1,carbon_based,0,2,1,0,0,0,0,0,0,0,0,0,2.428571429,14,1,,320
Co/VN,Co,1,1,0,0,0,0,4,0,1,GC,0,1,0,0,0,0,0,0,0,1,0,0,2.428571429,14,1,0.28,320
Co3O4@C-MWCNT,Co,1,0,1,3,1,0,3,0,1,GC,0,3,0,0,0,0,0,0,0,0,0,0,,14,1,0.325,320
Co3O4/NF,Co,1,0,0,0,0,0,7,1,1,NF,0,3,0,0,0,0,0,0,0,0,0,0,6,14,1,,320
Co3O4/NiCo2O4/NF,Co,1,0,0,0,0,0,4,1,1,NF,0,6.61,1,0,0,0,0,0,0,0,0,0,,13,0.1,1,320
Co3O4  -RMGO,Co,1,0,1,4,0,0,6,2,0,NF,0,3,0,0,0,0,0,0,0,0,0,0,3.5,14,1,1,320
CoN/CFC,Co,1,1,1,3,0,0,2,2,1,carbon_based,0,1,0,0,0,0,0,0,0,0,0,0,2.685714286,14,1,,321
Co3V/VN,Co,1,1,1,3,0,0,7,0,1,GC,0,3,0,0,0,0,0,0,0,2,0,0,6,14,1,0.694,324
NiCo2O4,Co,1,0,1,1,0,0,2,2,0,carbon_based,0,2,1,0,0,0,0,0,0,0,0,0,6,14,1,0.2,325
P-Co3N/Co4N@AN-C NC,Co,1,1,1,3,1,0,6,0,1,carbon_based,0,7,0,0,0,0,0,0,0,0,0,0,,14,1,,325
Co4N/CC,Co,1,1,1,3,0,0,3,2,0,carbon_based,0,4,0,0,0,0,0,0,0,0,0,0,4,14,1,2.45,327
NiCo2O4/NF,Co,1,0,0,0,0,0,6,1,1,NF,0,2,1,0,0,0,0,0,0,0,0,0,0.6666666667,14,1,,330
CoNx/NF,Co,1,1,1,2,0,0,7,1,1,NF,0,1,0,0,0,0,0,0,0,0,0,0,,14,1,3.83,330
CoN,Co,1,1,1,3,0,0,2,2,0,carbon_based,0,1,0,0,0,0,0,0,0,0,0,0,,14,1,1.6,333
Ir@Co4N,Co,1,1,0,0,0,0,2,0,1,GC,0,4,0,0,0,0,0,0,0,0,0,0,3.5,13,0.1,0.285,336
NiCo2O4@MnO2,Co,1,0,0,0,0,0,4,2,1,carbon_based,0,2,1,0,0,1,0,0,0,0,0,0,5.6,14,1,0.6,337
Co4N/NC,Co,1,1,1,1,1,0,2,2,1,carbon_based,0,4,0,0,0,0,0,0,0,0,0,0,2.428571429,14,1,,337
Co4N,Co,1,1,0,0,0,0,3,0,0,carbon_based,0,4,0,0,0,0,0,0,0,0,0,0,2.5,14,1,,339
Co3O4/NF,Co,1,0,0,0,0,0,2,1,1,NF,0,3,0,0,0,0,0,0,0,0,0,0,5.918083462,14,1,1.5,339
CFP/NiCo2O4/ Co0.57Ni0.43 LMO,Co,1,0,1,1,0,0,4,2,1,carbon_based,0,2.57,1.43,0,0,0,0,0,0,0,0,0,5.625,13,0.1,,340
Co3O4,Co,1,0,1,3,0,0,7,3,1,carbon_based,0,3,0,0,0,0,0,0,0,0,0,0,2.57,14,1,,340
Co–Fe–O/rgo,Co,1,0,1,4,0,0,3,0,0,GC,0,2,0,1,0,0,0,0,0,0,0,0,3.5,14,1,0.1,340
N-CG-CoO,Co,1,0,1,3,1,0,6,2,0,GC,0,1,0,0,0,0,0,0,0,0,0,0,,14,1,0.7,340
Co3O4/NiCo2O4,Co,1,0,0,0,0,0,4,0,1,NF,0,5,1,0,0,0,0,0,0,0,0,0,2.428571429,14,1,1,340
NiCo2O4/NF,Co,1,0,0,0,0,0,7,1,1,NF,0,2,1,0,0,0,0,0,0,0,0,0,4.33,14,1,,340
ZnCo2O4/NF,Co,1,0,0,0,0,0,7,1,1,NF,0,2,0,0,0,0,0,1,0,0,0,0,2.571428571,14,1,,340
Co3O4,Co,1,0,0,0,0,0,7,3,0,TM_based,0,3,0,0,0,0,0,0,0,0,0,0,,14,1,0.4,340
Co3O4/CC,Co,1,0,1,3,0,0,2,2,1,carbon_based,0,3,0,0,0,0,0,0,0,0,0,0,,14,1,,341
Co-N@MWCNT,Co,1,1,1,1,1,0,3,2,0,GC,0,4,0,0,0,0,0,0,0,0,0,0,,14,1,0.24,349
NiCo2O4,Co,1,0,1,3,0,0,2,2,1,carbon_based,0,2,1,0,0,0,0,0,0,0,0,0,,13,0.1,,350
P-Co4N/CNW/CC,Co,1,1,1,3,0,0,8,0,0,carbon_based,0,4,0,0,0,0,0,0,0,0,0,0,2.57,14,1,,350
Co–Fe–O/rgo,Co,1,0,1,4,0,0,3,0,0,GC,0,4,0,1,0,0,0,0,0,0,0,0,5,14,1,0.1,350
CoMnON/n-rgo,Co,1,1,1,4,1,0,3,2,1,GC,0,1,0,0,0,0.05,0,0,0,0,0,0,,14,1,0.27,350
Co3O4/NF,Co,1,0,0,0,0,0,7,1,1,NF,0,3,0,0,0,0,0,0,0,0,0,0,,14,1,0.3,350
NiCo2O4/NF,Co,1,0,0,0,0,0,2,1,1,NF,0,2,1,0,0,0,0,0,0,0,0,0,3.5,14,1,3,350
Co4N/CC,Co,1,1,1,3,0,0,3,2,1,carbon_based,0,4,0,0,0,0,0,0,0,0,0,0,2.71,14,1,,360
NiCoN/CC,Co,1,1,1,3,0,0,2,2,1,carbon_based,0,1,1,0,0,0,0,0,0,0,0,0,5,14,1,,360
NiCo2O4/NiO,Co,1,0,0,0,0,0,7,0,0,GC,0,2,2,0,0,0,0,0,0,0,0,0,0.5,14,1,1.06,360
CuCo2O4/NrGO,Co,1,0,1,4,1,0,3,0,0,GC,0,2,0,0,0,0,1,0,0,0,0,0,,14,1,0.14,360
TiN@Ni0.27Co2.73O4,Co,1,1,0,0,0,0,4,3,1,TM_based,0,2.73,0.27,0,0,0,0,0,0,0,0,1,4,14,1,0.39,360
NiCo2O,Co,1,0,0,0,0,0,6,0,1,GC,0,2,1,0,0,0,0,0,0,0,0,0,,14,0.1,0.2,362
Ir@Co3O4,Co,1,0,0,0,0,0,2,0,0,GC,0,3,0,0,0,0,0,0,0,0,0,0,,13,0.1,0.285,365
NiCo2O4/NF,Co,1,0,0,0,0,0,7,1,1,NF,0,2,1,0,0,0,0,0,0,0,0,0,2.428571429,13,0.1,0.57,370
CoO-Co/NCNT,Co,1,0,1,1,1,0,3,2,0,GC,0,2,0,0,0,0,0,0,0,0,0,0,2.57,14,1,0.21,380
O-S-Co5.47N@N-RGO,Co,1,1,1,4,1,1,3,0,0,GC,16,5.47,0,0,0,0,0,0,0,0,0,0,2.428571429,13,0.1,0.2,380
NiCo2O4/GN,Co,1,0,1,2,0,0,6,0,1,GC,0,2,1,0,0,0,0,0,0,0,0,0,5.243445693,14,1,25.5,383
NiCo2O4/VN,Co,1,1,0,0,0,0,3,0,0,GC,0,2,1,0,0,0,0,0,0,1,0,0,,14,1,,385
Co3O4/C,Co,1,0,1,3,0,0,2,0,1,GC,0,3,0,0,0,0,0,0,0,0,0,0,5.25,13,0.1,0.2,387
Co-CoO/N-rGO,Co,1,0,1,4,1,0,2,2,1,GC,0,2,0,0,0,0,0,0,0,0,0,0,,13,0.1,0.21,390
Co@Co4N/MnO-NC,Co,1,1,1,3,1,0,4,0,1,GC,0,0.955,0,0,0,0.045,0,0,0,0,0,0,5.6,14,1,0.36,390
TiN@Co3O4,Co,1,1,0,0,0,0,4,3,1,TM_based,0,3,0,0,0,0,0,0,0,0,0,1,3.5,14,1,0.27,390
Co3O4,Co,1,0,0,0,0,0,7,3,0,TM_based,0,3,0,0,0,0,0,0,0,0,0,0,4.55,13,0.1,0.4,392
Co-Fe-N,Co,1,1,0,0,0,0,1,0,0,GC,0,4,0,4,0,0,0,0,0,0,0,0,4.4,14,1,0.24,397
NiCo2O4/Ti4O7,Co,1,0,0,0,0,0,7,0,0,GC,0,2,1,0,0,0,0,0,0,0,0,4,2.71,14,1,,398
CoO/Co4N/NF,Co,1,1,0,0,0,0,2,1,1,NF,0,5,0,0,0,0,0,0,0,0,0,0,2.928571429,7.4,1,3.8,398
Co3O4,Co,1,0,1,3,0,0,2,0,1,TM_based,0,3,0,0,0,0,0,0,0,0,0,0,,13,0.1,0.2,398
Co–Fe–O/rgo,Co,1,0,1,4,0,0,3,0,0,GC,0,1,0,1,0,0,0,0,0,0,0,0,2.571428571,14,1,0.1,400
Co3O4/NrGO,Co,1,0,1,4,1,0,3,0,0,GC,0,3,0,0,0,0,0,0,0,0,0,0,1.5,14,1,0.14,400
NiCo2O4–N-CNT,Co,1,0,1,1,1,0,3,0,1,GC,0,2,1,0,0,0,0,0,0,0,0,0,1.166666667,13,0.1,0.24,406
Co3O4,Co,1,0,0,0,0,0,2,3,1,TM_based,0,3,0,0,0,0,0,0,0,0,0,0,2.571428571,13,0.1,,408
CuCo2O4/NrGO,Co,1,0,1,4,1,0,3,0,0,GC,0,2,0,0,0,0,1,0,0,0,0,0,2.428571429,14,0.1,0.14,410
Co3O4/NF,Co,1,0,0,0,0,0,6,1,1,NF,0,3,0,0,0,0,0,0,0,0,0,0,2.57,13,0.1,0.57,410
NiCo2O4/C,Co,1,0,1,3,0,0,7,0,0,GC,0,2,1,0,0,0,0,0,0,0,0,0,,14,1,,414
NiCo2O4/C,Co,1,0,1,3,0,0,3,0,0,GC,0,2,1,0,0,0,0,0,0,0,0,0,4.714285714,14,1,,418
ZnCo2O4/CF,Co,1,0,1,1,0,0,2,2,0,carbon_based,0,2,0,0,0,0,0,1,0,0,0,0,3.5,14,1,,419
Co–Fe–O,Co,1,0,0,0,0,0,3,0,0,GC,0,2,0,1,0,0,0,0,0,0,0,0,,14,1,0.1,420
CG-CoO,Co,1,0,1,3,0,0,6,2,0,GC,0,1,0,0,0,0,0,0,0,0,0,0,4,14,1,0.7,420
Co@Co3O4/NC-CNT,Co,1,0,1,1,1,0,4,0,1,GC,0,4,0,0,0,0,0,0,0,0,0,0,2.428571429,14,1,0.21,420
Co@Co4N/H-MnO-NC,Co,1,1,1,3,1,0,4,0,1,GC,0,0.7374,0,0,0,0.2626,0,0,0,0,0,0,2.571428571,14,1,0.36,420
CoO@OMC,Co,1,0,1,3,0,0,3,2,1,GC,0,1,0,0,0,0,0,0,0,0,0,0,3.5,14,1,0.567,420
S-CoO@N-RGO,Co,1,0,1,4,1,1,3,0,0,GC,16,1,0,0,0,0,0,0,0,0,0,0,1.5,13,0.1,0.2,426
Co@Co4N-NC,Co,1,1,1,3,1,0,4,0,1,GC,0,1,0,0,0,0,0,0,0,0,0,0,2.428571429,14,1,0.36,440
Co3O4/NrGO,Co,1,0,1,4,1,0,3,0,0,GC,0,3,0,0,0,0,0,0,0,0,0,0,2.57,14,0.1,0.14,440
NiCo2O4/graphene,Co,1,0,1,2,0,0,7,0,1,GC,0,2,1,0,0,0,0,0,0,0,0,0,3.333333333,13,0.1,0.407,440
NiCo2O4/rGO,Co,1,0,1,4,0,0,7,0,1,GC,0,2,1,0,0,0,0,0,0,0,0,0,,13,0.1,1.167,450
Fe2Ni2N,Fe,0,1,0,0,0,0,7,1,1,TM_based,0,0,2,2,0,0,0,0,0,0,0,0,,14,1,,200
FeCoCrOx,Fe,0,0,0,0,0,0,8,0,0,GC,0,1,0,1,0,0,0,0,1,0,0,0,,14,1,0.4,245
CoFe(1:1)-N,Fe,0,1,0,0,0,0,7,0,1,GC,0,1,0,1,0,0,0,0,0,0,0,0,6.75,14,1,0.458,250
Ni-Fe-O,Fe,0,0,0,0,0,0,7,0,0,TM_based,0,0,1,1,0,0,0,0,0,0,0,0,0.6666666667,14,1,,260
FeGaOx,Fe,0,0,0,0,0,1,8,0,0,NF,31,0,0,1,0,0,0,0,0,0,0,0,,14,1,0.4,262
Co0.15Fe0.85N0.5,Fe,0,1,0,0,0,0,7,0,0,GC,0,0.169,0,0.831,0,0,0,0,0,0,0,0,,14,1,0.2,266
Fe3N,Fe,0,1,0,0,0,0,2,0,0,NF,0,0,0,3,0,0,0,0,0,0,0,0,,14,1,1,282
NiFeOx,Fe,0,0,0,0,0,0,7,0,0,NF,0,0,1,1,0,0,0,0,0,0,0,0,5.6,0,0.5,,282
Co0.2Fe0.8N0.5,Fe,0,1,0,0,0,0,7,0,0,GC,0,0.207,0,0.793,0,0,0,0,0,0,0,0,6,14,1,0.2,291
NiCrFeO4,Fe,0,0,0,0,0,0,2,0,1,GC,0,0,1,1.8,0,0,0,0,1.51,0,0,0,,14,1,0.665,298
Co0.1Fe0.9N0.5,Fe,0,1,0,0,0,0,7,0,0,GC,0,0.109,0,0.891,0,0,0,0,0,0,0,0,,14,1,0.2,300
FeCoOx,Fe,0,0,0,0,0,0,8,0,0,GC,0,1,0,1,0,0,0,0,0,0,0,0,,14,1,0.4,301
NiFe2O4,Fe,0,0,0,0,0,0,6,0,0,carbon_based,0,0,1,2,0,0,0,0,0,0,0,0,3.5,14,1,1,302
FeOx,Fe,0,0,0,0,0,0,8,0,0,NF,0,0,0,1,0,0,0,0,0,0,0,0,,14,1,0.4,313
Co0.05Fe0.95N0.5,Fe,0,1,0,0,0,0,7,0,0,GC,0,0.054,0,0.946,0,0,0,0,0,0,0,0,2.428571429,14,1,0.2,320
NiCr0.5Fe1.5O4,Fe,0,0,0,0,0,0,3,0,0,GC,0,0,1,1.5,0,0,0,0,0.5,0,0,0,,14,1,,320
NiFe2O4,Fe,0,0,0,0,0,0,2,0,1,GC,0,0,1,2,0,0,0,0,0,0,0,0,1.6,14,1,0.665,330
Fe2Ni2N,Fe,0,1,0,0,0,0,3,0,0,carbon_based,0,0,2,2,0,0,0,0,0,0,0,0,,13,0.1,2.6,335
NiFeOx,Fe,0,0,0,0,0,0,7,0,0,NF,0,0,1,1,0,0,0,0,0,0,0,0,,14,1,,335
Fe2Ni2N,Fe,0,1,0,0,0,0,3,0,0,GC,0,0,2,2,0,0,0,0,0,0,0,0,5,14,1,0.408,340
CoFe(1:3)-N,Fe,0,1,0,0,0,0,7,0,1,GC,0,1,0,3,0,0,0,0,0,0,0,0,1.785714286,14,1,0.458,340
NiFe2O4,Fe,0,0,0,0,0,0,2,0,1,GC,0,0,1,2,0,0,0,0,0,0,0,0,,14,1,0.12,342
FeCrOx,Fe,0,0,0,0,0,0,8,0,0,GC,0,0,0,1,0,0,0,0,1,0,0,0,2.428571429,14,1,0.4,344
CoFe2O4,Fe,0,0,0,0,0,0,8,1,1,NF,0,1,0,2,0,0,0,0,0,0,0,0,,14,1,1.03,350
NiCr0.8Fe1.2O4,Fe,0,0,0,0,0,0,3,0,0,GC,0,0,1,1.2,0,0,0,0,0.8,0,0,0,,14,1,,360
Fe1N0.5,Fe,0,1,0,0,0,0,7,0,0,GC,0,0,0,0,0,0,0,0,0,0,0,0,2.57,14,1,0.2,365
FeGaOx,Fe,0,0,0,0,0,1,8,0,0,TM_based,31,0,0,1,0,0,0,0,0,0,0,0,2,14,1,0.4,377
FeGaOx,Fe,0,0,0,0,0,1,8,0,0,GC,31,0,0,1,0,0,0,0,0,0,0,0,2.142857143,14,1,0.4,381
Fe2N,Fe,0,1,0,0,0,0,3,2,0,GC,0,0,0,2,0,0,0,0,0,0,0,0,2.57,14,1,0.5,400
NiFe2O4,Fe,0,0,0,0,0,0,3,0,0,GC,0,0,1,2,0,0,0,0,0,0,0,0,,14,1,,401
FeOx,Fe,0,0,0,0,0,0,8,0,0,TM_based,0,0,0,1,0,0,0,0,0,0,0,0,2.571428571,14,1,0.4,407
NiFe2O4,Fe,0,0,0,0,0,0,3,0,0,carbon_based,0,0,1,2,0,0,0,0,0,0,0,0,,13,0.1,2.6,410
Co-Fe2N,Fe,0,1,0,0,0,0,3,0,0,carbon_based,0,1,0,2,0,0,0,0,0,0,0,0,4,14,1,,412
Fe2N,Fe,0,1,0,0,0,0,3,0,0,carbon_based,0,0,0,2,0,0,0,0,0,0,0,0,7,14,1,,451
NiFeOx/NF,Fe,1,0,0,0,0,0,7,1,1,NF,0,0,1,1,0,0,0,0,0,0,0,0,,14,1,,227
NiCo/Fe3O4,Fe,1,0,0,0,0,0,3,0,1,GC,0,1,1,3,0,0,0,0,0,0,0,0,,14,1,0.764,238
Fe3N/Fe4N,Fe,1,1,1,2,0,0,5,1,1,NF,0,0,0,7,0,0,0,0,0,0,0,0,4.65,14,1,4,238
FeNiNx/CC,Fe,1,1,1,3,0,0,2,2,0,carbon_based,0,0,1,1,0,0,0,0,0,0,0,0,,14,1,,240
Fe3N@Ni2Co-LDHs,Fe,1,1,0,0,0,0,4,0,1,NF,0,1,2,3,0,0,0,0,0,0,0,0,6,14,1,1,240
CoFe2O4/C,Fe,1,0,1,3,0,0,6,1,1,NF,0,1,0,2,0,0,0,0,0,0,0,0,4.857142667,14,1,1.03,240
NiFex/NiFe2O4@NC,Fe,1,0,1,2,1,0,6,0,1,carbon_based,0,0,2,3,0,0,0,0,0,0,0,0,,14,1,1,262
S-NiFe2O4/NF,Fe,1,0,0,0,0,1,7,1,1,NF,16,0,1,2,0,0,0,0,0,0,0,0,6.75,14,1,,267
P-Fe3N@NC/IF,Fe,1,1,1,3,1,1,3,3,1,TM_based,15,0,0,3,0,0,0,0,0,0,0,0,1.5,14,1,,270
FeMnO/CC,Fe,1,0,0,0,0,0,7,2,1,carbon_based,0,0,0,1,0,1,0,0,0,0,0,0,,14,1,1.6,273
S-Fe3O4/NF,Fe,1,0,0,0,0,1,7,1,1,NF,16,0,0,3,0,0,0,0,0,0,0,0,,14,1,,279
FeCo-Co4N/NC,Fe,1,1,1,3,1,0,3,0,1,GC,0,1,0,1.461,0,0,0,0,0,0,0,0,6,14,1,0.3,280
Fe2Ni2N/CNT,Fe,1,1,1,1,0,0,3,0,0,GC,0,0,2,2,0,0,0,0,0,0,0,0,5.6,14,1,0.408,282
NiFeOx,Fe,1,0,0,0,0,0,7,1,1,NF,0,0,1,1,0,0,0,0,0,0,0,0,6.75,14,1,,285
Fe2Ni2N/rGO,Fe,1,1,1,4,0,0,6,0,0,carbon_based,0,0,2,2,0,0,0,0,0,0,0,0,3.5,13,0.1,2.6,290
Ni1.5Fe1.5-O,Fe,1,0,0,0,0,0,2,1,1,NF,0,0,1.5,1.5,0,0,0,0,0,0,0,0,7,14,1,0.15,290
CoAl-Fe2N/Fe3N,Fe,1,1,0,0,0,1,3,2,0,carbon_based,13,1,0,5,0,0,0,0,0,0,0,0,2.428571429,14,1,,307
Fe-NiOx,Fe,1,0,0,0,0,0,2,0,0,GC,0,0,1,1,0,0,0,0,0,0,0,0,,14,1,0.4,310
CoFe2O4/C,Fe,1,0,1,3,0,0,8,1,1,NF,0,1,0,2,0,0,0,0,0,0,0,0,,14,1,1.03,315
Ir/Fe4N,Fe,1,1,0,0,0,0,4,0,0,GC,0,0,0,4,0,0,0,0,0,0,0,0,6,0,0.5,0.152,316
Ni1Fe2-O,Fe,1,0,0,0,0,0,2,1,1,NF,0,0,1,2,0,0,0,0,0,0,0,0,,14,1,0.15,316
Co2.6Fe7.4Ox,Fe,1,0,1,2,1,0,7,0,1,GC,0,2.6,0,7.4,0,0,0,0,0,0,0,0,5.6,14,1,0.357,328
NiFe2O4/NF,Fe,1,0,0,0,0,0,7,1,1,NF,0,0,1,2,0,0,0,0,0,0,0,0,5.6,14,1,,343
Fe2O3@Ni2Co-LDH,Fe,1,0,0,0,0,0,4,0,1,NF,0,1,2,2,0,0,0,0,0,0,0,0,,14,1,1,344
Fe2O3/IF,Fe,1,0,0,0,0,0,7,3,1,TM_based,0,0,0,2,0,0,0,0,0,0,0,0,6,14,1,,350
Fe-NiOx,Fe,1,0,0,0,0,0,7,0,0,GC,0,0,1,1,0,0,0,0,0,0,0,0,5.918083462,14,1,0.4,355
Co4.5Fe5.5Ox,Fe,1,0,1,2,1,0,7,0,1,GC,0,4.5,0,5.5,0,0,0,0,0,0,0,0,,14,1,0.357,356
Fe2N/S/N,Fe,1,1,1,2,1,1,3,0,1,carbon_based,16,0,0,2,0,0,0,0,0,0,0,0,6,14,1,0.4,360
Co3Fe7@Fe2N/rGO,Fe,1,1,1,4,0,0,4,0,1,GC,0,3,0,9,0,0,0,0,0,0,0,0,6.75,14,1,0.714,371
Fe2N/r-GO,Fe,1,1,1,4,0,0,3,0,1,NF,0,0,0,2,0,0,0,0,0,0,0,0,,14,1,0.5,375
Fe2O3/NF,Fe,1,0,0,0,0,0,7,1,1,NF,0,0,0,2,0,0,0,0,0,0,0,0,,14,1,0.05,378
Co0.77Fe9.23Ox,Fe,1,0,1,2,1,0,7,0,1,GC,0,0.77,0,9.23,0,0,0,0,0,0,0,0,2.428571429,14,1,0.357,380
Al-Fe2N/Fe3N,Fe,1,1,0,0,0,1,3,0,0,carbon_based,13,0,0,5,0,0,0,0,0,0,0,0,,14,1,,389
Co–Fe–O/rgo,Fe,1,0,1,4,0,0,3,0,0,GC,0,1,0,4,0,0,0,0,0,0,0,0,2.428571429,14,1,0.1,390
FexN/CC,Fe,1,1,1,3,0,0,2,2,0,carbon_based,0,0,0,1,0,0,0,0,0,0,0,0,2.885714286,14,1,,407
Fe2N/N-G,Fe,1,1,1,2,1,0,6,0,0,GC,0,0,0,2,0,0,0,0,0,0,0,0,,14,1,0.1,440
Pd/NiFeOx,Ni,0,0,0,0,0,1,7,0,1,NF,46,0,1,0.101,0,0,0,0,0,0,0,0,,14,1,,180
Ni3FeN,Ni,0,1,0,0,0,0,6,2,1,GC,0,0,3,1,0,0,0,0,0,0,0,0,6,14,1,0.5,190
Ni3FeN,Ni,0,1,0,0,0,0,3,0,0,GC,0,0,3,1,0,0,0,0,0,0,0,0,6,14,1,0.25,210
Pd/NiO,Ni,0,0,0,0,0,1,7,0,1,NF,46,0,1,0,0,0,0,0,0,0,0,0,7,0,0.5,,217
NiMoO4,Ni,0,1,0,0,0,0,2,1,1,GC,0,0,1,0,1,0,0,0,0,0,0,0,6,14,1,0.28,241
Ni0.6Fe0.3Cr0.1Ox,Ni,0,0,0,0,0,0,5,0,1,GC,0,0,0.6,0.3,0,0,0,0,0.1,0,0,0,,14,1,2,251
Ni3N/CC,Ni,0,1,0,0,0,0,7,2,1,GC,0,0,3,0,0,0,0,0,0,0,0,0,6,14,1,,256
Ni3FeN,Ni,0,1,0,0,0,0,6,0,1,GC,0,0,3,1,0,0,0,0,0,0,0,0,6,14,1,0.203,259
Ni3FeN,Ni,0,1,0,0,0,0,7,0,0,GC,0,0,3,1,0,0,0,0,0,0,0,0,6.1666665,14,1,,261
FeNi3N,Ni,0,1,0,0,0,0,3,0,0,GC,0,0,3,1,0,0,0,0,0,0,0,0,5,14,1,0.425,270
Ni2Mo3N,Ni,0,1,0,0,0,0,8,0,0,GC,0,0,2,0,3,0,0,0,0,0,0,0,4.5,13,0.1,0.124,270
Ni0.6Fe0.4Ox,Ni,0,0,0,0,0,0,5,0,0,GC,0,0,0.6,0.4,0,0,0,0,0,0,0,0,6,14,1,2,272
Ni3FeN,Ni,0,1,0,0,0,0,3,0,1,GC,0,0,3,1,0,0,0,0,0,0,0,0,2.428571429,14,1,0.203,279
Ni3FeN,Ni,0,1,0,0,0,0,1,0,0,GC,0,0,3,1,0,0,0,0,0,0,0,0,6,14,1,0.25,280
Ni3FeN,Ni,0,1,0,0,0,0,3,0,0,NF,0,0,2.83,1.03,0,0,0,0,0,0,0,0,,14,1,0.35,280
Pd/NiO,Ni,0,0,0,0,0,1,7,0,1,NF,46,0,1,0,0,0,0,0,0,0,0,0,2.428571429,14,1,,290
PF/Ni3N,Ni,0,1,0,0,0,1,2,0,1,GC,15,0,3,0,0,0,0,0,0,0,0,0,6,14,1,0.27,300
Ni3FeN,Ni,0,1,0,0,0,0,3,0,0,NF,0,0,3,2,0,0,0,0,0,0,0,0,6,14,1,0.8,300
Ni3N,Ni,0,1,0,0,0,0,7,0,0,TM_based,0,0,3,0,0,0,0,0,0,0,0,0,,14,1,,300
Co-Ni3N,Ni,0,1,0,0,0,0,2,2,0,carbon_based,0,1,3,0,0,0,0,0,0,0,0,0,2.57,14,1,0.085,307
Pd/NiFeOx,Ni,0,0,0,0,0,1,7,0,1,NF,46,0,1,0.101,0,0,0,0,0,0,0,0,1.16,7.4,1,,310
Ni3N,Ni,0,1,0,0,0,0,6,0,1,GC,0,0,3,0,0,0,0,0,0,0,0,0,,14,1,0.203,315
Ni3FeN,Ni,0,1,0,0,0,0,6,0,0,GC,0,0,3,1,0,0,0,0,0,0,0,0,6,14,1,0.1,320
Ni3FeN,Ni,0,1,0,0,0,0,1,0,0,NF,0,0,3,1,0,0,0,0,0,0,0,0,,14,1,0.35,320
NiO,Ni,0,0,1,3,0,0,6,0,0,NF,0,0,1,0,0,0,0,0,0,0,0,0,2.57,14,1,1,328
NaNiO2,Ni,0,0,0,0,0,1,8,0,0,NF,11,0,1,0,0,0,0,0,0,0,0,0,3.5,14,1,0.13,330
NiCo2O4,Ni,0,0,0,0,0,0,7,0,0,GC,0,2,1,0,0,0,0,0,0,0,0,0,5.6,14,1,0.35,333
Ni3N,Ni,0,1,0,0,0,0,4,0,1,NF,0,0,3,0,0,0,0,0,0,0,0,0,1.785714286,14,1,1.2,335
NiO,Ni,0,0,0,0,0,0,7,0,0,NF,0,0,1,0,0,0,0,0,0,0,0,0,,14,1,,335
Ni1.5Co1.5N,Ni,0,1,0,0,0,0,7,0,0,GC,0,1.5,1.5,0,0,0,0,0,0,0,0,0,5.625,14,1,0.27,340
Ni3N,Ni,0,1,0,0,0,0,3,2,0,GC,0,0,3,0,0,0,0,0,0,0,0,0,6,14,1,0.5,340
PF/Co0.75Ni2.25N,Ni,0,1,0,0,0,1,2,0,1,GC,15,0.75,2.25,0,0,0,0,0,0,0,0,0,,14,1,0.27,340
Ni3N,Ni,0,1,0,0,0,0,7,0,0,GC,0,0,3,0,0,0,0,0,0,0,0,0,6,13.8,1,0.25,340
CoNi(1:1)-N,Ni,0,1,0,0,0,0,7,0,1,GC,0,1,1,0,0,0,0,0,0,0,0,0,0.3333333333,14,1,0.458,350
Ni3FeOx,Ni,0,0,0,0,0,0,6,0,1,GC,0,0,3,1,0,0,0,0,0,0,0,0,,14,1,0.203,352
Ni3FeN,Ni,0,1,0,0,0,0,3,0,1,GC,0,0,2.76,1,0,0,0,0,0,0,0,0,1.333333333,13,0.1,0.13,355
NiMoO4,Ni,0,0,0,0,0,0,7,0,1,NF,0,0,1,0,1,0,0,0,0,0,0,0,5.6,14,1,7,359
Ni3N,Ni,0,1,0,0,0,0,3,0,1,GC,0,0,3,0,0,0,0,0,0,0,0,0,6,13,0.1,0.12,360
Ni3N,Ni,0,1,0,0,0,0,8,0,0,GC,0,0,3,0,0,0,0,0,0,0,0,0,,13,0.1,0.124,360
Ni3FeN,Ni,0,1,0,0,0,0,3,0,0,NF,0,0,3,1,0,0,0,0,0,0,0,0,2.285714286,14,1,0.5,362
NiO,Ni,0,0,0,0,0,0,7,0,0,NF,0,0,1,0,0,0,0,0,0,0,0,0,4,0,0.5,,370
Ni3N,Ni,0,1,0,0,0,0,7,1,1,GC,0,0,3,0,0,0,0,0,0,0,0,0,,14,1,0.28,372
Ni3N,Ni,0,1,0,0,0,0,3,0,0,GC,0,0,3,0,0,0,0,0,0,0,0,0,,14,1,0.284,388
NiMoO4,Ni,0,0,0,0,0,0,8,0,0,GC,0,0,1,0,1,0,0,0,0,0,0,0,5.285714286,13,0.1,0.124,390
Ni3N,Ni,0,1,0,0,0,0,2,0,0,carbon_based,0,0,3,0,0,0,0,0,0,0,0,0,1.857142857,14,1,0.085,397
CoNi(1:3)-N,Ni,0,1,0,0,0,0,7,0,1,GC,0,1,3,0,0,0,0,0,0,0,0,0,5.5,14,1,0.458,410
NiO,Ni,0,0,0,0,0,0,6,0,1,GC,0,0,1,0,0,0,0,0,0,0,0,0,3.5,14,1,0.203,415
NiO,Ni,0,0,0,0,0,0,2,0,0,GC,0,0,1,0,0,0,0,0,0,0,0,0,5.033333333,14,1,0.4,418
NiO,Ni,0,0,0,0,0,0,6,0,0,NF,0,0,1,0,0,0,0,0,0,0,0,0,4,14,1,0.12,420
NiO,Ni,0,0,0,0,0,0,7,0,0,GC,0,0,1,0,0,0,0,0,0,0,0,0,2.57,14,1,0.35,425
NiO,Ni,0,0,0,0,0,0,6,0,0,GC,0,0,1,0,0,0,0,0,0,0,0,0,6,13,0.1,0.2,427
Ni3N,Ni,0,1,0,0,0,0,3,0,0,NF,0,0,3,0,0,0,0,0,0,0,0,0,6.3,14,1,0.35,430
NiFeOOH/Ni3FeN/Ni,Ni,1,1,0,0,0,0,6,0,0,GC,0,0,5,1,0,0,0,0,0,0,0,0,5.6,14,1,0.352,200
FeNi3N/NF,Ni,1,1,0,0,0,0,2,1,1,NF,0,0,3,1,0,0,0,0,0,0,0,0,6,14,1,,202
Ni2CoN,Ni,1,1,1,3,0,0,2,2,0,carbon_based,0,1,2,0,0,0,0,0,0,0,0,0,5.75,14,1,2,214
Ni−Ni0.2Mo0.8N,Ni,1,1,0,0,0,0,2,1,1,GC,0,0,1.2,0,0.8,0,0,0,0,0,0,0,5.4,14,1,0.28,218
Ni3FeN/NF,Ni,1,1,0,0,0,0,7,1,1,NF,0,0,3,1,0,0,0,0,0,0,0,0,2.428571429,14,1,1.6,223
NiFeMoN,Ni,1,1,0,0,0,0,2,0,1,carbon_based,0,0,0.76,0.24,1,0,0,0,0,0,0,0,6.26,14,1,3.5,228
Ni3N/Ni@Ni3N/CC,Ni,1,1,1,3,0,0,4,2,0,carbon_based,0,0,7,0,0,0,0,0,0,0,0,0,6.666666667,14,1,,229
NiFeOOH/Ni3FeN,Ni,1,1,0,0,0,0,3,0,0,GC,0,0,4,1,0,0,0,0,0,0,0,0,,14,1,0.352,230
NiFeMoN,Ni,1,1,0,0,0,0,2,0,1,carbon_based,0,0,0.76,0.24,1,0,0,0,0,0,0,0,6.26,14,1,4.5,231
NC–NiCu–NiCuN,Ni,1,1,1,3,1,0,2,1,1,NF,0,0,2,0,0,0,2,0,0,0,0,0,,14,1,1.5,232
Ni-NiO/N-rGO,Ni,1,0,1,4,1,0,3,2,0,GC,0,0,2,0,0,0,0,0,0,0,0,0,2.428571429,13,0.1,0.21,240
Ni/NiO/NiCo2O4–N-CNT,Ni,1,0,1,1,1,0,3,0,1,GC,0,2,3,0,0,0,0,0,0,0,0,0,,14,1,0.24,240
Ni3FeN/CC,Ni,1,1,1,3,0,0,3,2,1,carbon_based,0,0,3,1,0,0,0,0,0,0,0,0,1.333333333,14,1,,241
FeOOH/Ni3N/CC,Ni,1,1,1,3,0,0,2,2,0,carbon_based,0,0,2.4,1,0,0,0,0,0,0,0,0,,14,1,,244
Ni2Fe1-O,Ni,1,0,0,0,0,0,2,0,1,GC,0,0,2,1,0,0,0,0,0,0,0,0,,14,1,0.15,244
CoN/Ni3N/CC,Ni,1,1,1,3,0,0,4,2,0,carbon_based,0,1,3,0,0,0,0,0,0,0,0,0,4.033333333,14,1,2.1,247
Ni4Mo/MoO2,Ni,1,1,0,0,0,0,2,1,1,GC,0,0,4,0,2,0,0,0,0,0,0,0,4.75,14,1,0.28,247
Ni3N|Ni2P|BP,Ni,1,1,0,0,0,0,7,0,0,GC,15,0,5,0,0,0,0,0,0,0,0,0,5.5,13.8,1,0.25,247
NiFeMoN,Ni,1,1,0,0,0,0,2,0,1,carbon_based,0,0,0.76,0.24,1,0,0,0,0,0,0,0,,14,1,2.5,248
Ni3FeN/Ni3Fe,Ni,1,1,0,0,0,0,7,0,0,GC,0,0,6,2,0,0,0,0,0,0,0,0,6,14,1,,250
Ni3FeN/N-G,Ni,1,1,1,2,1,0,6,0,0,GC,0,0,3,1,0,0,0,0,0,0,0,0,,14,1,0.1,250
Ni2Fe2N/Ni3Fe@N doped -Carbon Shells,Ni,1,1,1,3,1,0,3,0,1,carbon_based,0,0,5,3,0,0,0,0,0,0,0,0,6.55,14,1,,251
NiFeMoN,Ni,1,1,0,0,0,0,2,0,1,carbon_based,0,0,0.76,0.24,1,0,0,0,0,0,0,0,,14,1,1,253
Ni2Fe1-O,Ni,1,0,0,0,0,0,2,0,1,GC,0,0,2,1,0,0,0,0,0,0,0,0,,14,1,0.2,256
Ni3N-NC,Ni,1,1,1,3,0,0,7,0,1,GC,0,0,3,0,0,0,0,0,0,0,0,0,3.5,13,0.1,0.12,260
Na0.08Ni0.9Fe0.1O2,Ni,1,0,0,0,0,1,8,0,0,NF,11,0,0.9,0.1,0,0,0,0,0,0,0,0,,14,1,0.13,260
NiCo@C-NiCoMoO/NF,Ni,1,0,1,2,1,0,7,1,1,NF,0,2.32,1.11,0,1,0,0,0,0,0,0,0,6,14,1,10.5,260
NiFeOx/NF,Ni,1,0,0,0,0,0,7,1,1,NF,0,0,1,1,0,0,0,0,0,0,0,0,,14,1,,260
Ni3Fe/Ni2Fe2N,Ni,1,1,0,0,0,0,3,0,1,carbon_based,0,0,5,3,0,0,0,0,0,0,0,0,3.285714286,14,1,,264
Ni2Fe2N@N-CS,Ni,1,1,1,3,1,0,3,0,1,carbon_based,0,0,2,2,0,0,0,0,0,0,0,0,5.6,14,1,,264
NiO/NiCo2O4,Ni,1,0,0,0,0,0,7,0,1,GC,0,2,2,0,0,0,0,0,0,0,0,0,,14,1,0.35,264
Ni2Fe1-O,Ni,1,0,0,0,0,0,2,0,1,GC,0,0,2,1,0,0,0,0,0,0,0,0,2.571428571,14,1,0.1,267
Ni3Fe/Ni3FeN,Ni,1,1,0,0,0,0,4,0,1,NF,0,0,5.8,2,0,0,0,0,0,0,0,0,5.583333333,14,1,0.8,268
NiO-Cr2O3,Ni,1,0,1,3,0,0,4,0,0,GC,0,0,1,0,0,0,0,0,2,0,0,0,,14,1,0.25,270
Co-Ni3N/NF,Ni,1,1,0,0,0,0,7,1,1,NF,0,0.15,2.85,0,0,0,0,0,0,0,0,0,,14,1,,270
Na0.01Ni0.9Fe0.1O2,Ni,1,0,0,0,0,1,8,0,0,NF,11,0,0.9,0.1,0,0,0,0,0,0,0,0,,14,1,0.13,270
Na0.41Ni0.9Fe0.1O2,Ni,1,0,0,0,0,1,8,0,0,NF,11,0,0.9,0.1,0,0,0,0,0,0,0,0,,14,1,0.13,270
Ni2Fe1-O,Ni,1,0,0,0,0,0,2,0,1,NF,0,0,2,1,0,0,0,0,0,0,0,0,5.166666667,14,1,5.4,270
Ni3FeN/r-GO,Ni,1,1,1,4,0,0,6,0,1,NF,0,0,3,1,0,0,0,0,0,0,0,0,6,14,1,0.5,270
Ni3N/CMFs/Ni3N,Ni,1,1,1,1,0,0,7,2,1,GC,0,0,6,0,0,0,0,0,0,0,0,0,6,14,1,0.306,273
Ni3N/CC,Ni,1,1,1,3,0,0,7,2,0,carbon_based,0,0,3,0,0,0,0,0,0,0,0,0,3.5,14,1,,274
NiMoN,Ni,1,1,0,0,0,0,2,0,1,carbon_based,0,0,1,0,1,0,0,0,0,0,0,0,3.333333333,14,1,3.5,276
Ni3N-NiMoN,Ni,1,1,1,3,0,0,7,2,0,carbon_based,0,0,4,0,1,0,0,0,0,0,0,0,3.928571429,14,1,1.63,277
NiCo-NiCoMoO/NF,Ni,1,0,0,0,0,0,7,1,1,NF,0,2.32,1.11,0,1,0,0,0,0,0,0,0,3.666666667,14,1,10.5,280
NC–Ni-NiN,Ni,1,1,1,3,1,0,2,1,1,NF,0,0,2,0,0,0,0,0,0,0,0,0,2.57,14,1,1.5,282
Ni3Fe/Ni3FeN,Ni,1,1,0,0,0,0,1,0,0,NF,0,0,5.8,2,0,0,0,0,0,0,0,0,2.428571429,14,1,0.8,287
NiN,Ni,1,1,1,3,0,0,3,2,0,carbon_based,0,0,1,0,0,0,0,0,0,0,0,0,3.5,14,1,2.3,290
NiCoNP,Ni,1,1,0,0,0,1,4,0,1,GC,15,1,1,0,0,0,0,0,0,0,0,0,2.57,14,1,0.27,290
NaNi0.9Fe0.1O2,Ni,1,0,0,0,0,1,8,0,0,NF,11,0,0.9,0.1,0,0,0,0,0,0,0,0,,14,1,0.13,290
Ni3N/BP,Ni,1,1,0,0,0,1,3,3,0,GC,15,0,3,0,0,0,0,0,0,0,0,0,,14,1,,292
Ni2Fe1-O,Ni,1,0,0,0,0,0,2,0,1,GC,0,0,2,1,0,0,0,0,0,0,0,0,,14,1,0.05,293
Co-NiMoN,Ni,1,1,0,0,0,0,2,0,1,NF,0,0.142,1,0,1,0,0,0,0,0,0,0,,14,1,3.5,294
NiO/Ni,Ni,1,0,0,0,0,0,6,1,1,TM_based,0,0,1,0,0,0,0,0,0,0,0,0,2.8,14,1,,294
NiMoO4–CoMoO4,Ni,1,0,0,0,0,0,4,0,1,NF,0,1,1,0,2,0,0,0,0,0,0,0,2.428571429,14,1,7,300
S-NiO/NF,Ni,1,0,0,0,0,0,7,1,1,NF,16,0,1,0,0,0,0,0,0,0,0,0,6.5,14,1,,306
NiOx/NiCo2O4/Co3O4,Ni,1,0,0,0,0,0,4,1,0,TM_based,0,2,5,0,0,0,0,0,0,0,0,0,6,14,1,,315
Ni3N/AG,Ni,1,1,1,2,0,0,3,2,0,GC,0,0,3,0,0,0,0,0,0,0,0,0,4.25,14,1,,317
Ni3N/r-GO,Ni,1,1,1,4,0,0,3,0,1,NF,0,0,3,0,0,0,0,0,0,0,0,0,2.5,14,1,0.5,318
NaNi0.8Fe0.2O2,Ni,1,0,0,0,0,1,8,0,0,NF,11,0,0.8,0.2,0,0,0,0,0,0,0,0,6,14,1,0.13,320
NiCoMoO/NF,Ni,1,0,0,0,0,0,7,1,1,NF,0,1,1,0,1,0,0,0,0,0,0,0,3.75,14,1,10.5,320
Ni3N-CNTs,Ni,1,1,1,1,0,0,7,2,1,GC,0,0,3,0,0,0,0,0,0,0,0,0,2.57,14,1,0.306,321
Ni3N/NF,Ni,1,1,0,0,0,0,6,1,1,NF,0,0,3,0,0,0,0,0,0,0,0,0,3.5,14,1,,325
Ni3N/Ni,Ni,1,1,0,0,0,0,4,0,1,NF,0,0,3,0,0,0,0,0,0,0,0,0,5.6,14,1,1.2,325
NiMoN,Ni,1,1,0,0,0,0,2,0,1,NF,0,0,1,0,1,0,0,0,0,0,0,0,,14,1,3.5,326
NaNi0.75Fe0.25O2,Ni,1,0,0,0,0,1,8,0,0,NF,11,0,0.75,0.25,0,0,0,0,0,0,0,0,3.5,14,1,0.13,330
MnO2/NiCo2O4/NF,Ni,1,0,0,0,0,0,7,1,1,NF,0,0.76,17.344,0,0,1,0,0,0,0,0,0,,14,1,,340
NiMoN,Ni,1,1,0,0,0,0,8,0,0,NF,0,0,1,0,1,0,0,0,0,0,0,0,,14,1,3,341
Ir/Ni4N,Ni,1,1,0,0,0,0,4,0,0,GC,0,0,4,0,0,0,0,0,0,0,0,0,,0,0.5,0.152,346
TiN@Ni3N,Ni,1,1,0,0,0,0,2,3,0,TM_based,0,0,3,0,0,0,0,0,0,0,0,1,,14,1,0.9,350
Ni3N/NF,Ni,1,1,0,0,0,0,7,1,1,NF,0,0,3,0,0,0,0,0,0,0,0,0,,14,1,,360
Ni3N-MPCs,Ni,1,1,1,3,0,0,7,2,1,GC,0,0,3,0,0,0,0,0,0,0,0,0,4,14,1,0.306,364
Ni/NiO/NiCo2O4–N-CNT,Ni,1,0,1,1,1,0,3,0,1,GC,0,2,3,0,0,0,0,0,0,0,0,0,2.428571429,13,0.1,0.24,370
Ni3FeN/Ni3Fe,Ni,1,1,0,0,0,0,1,0,0,GC,0,0,6,2,0,0,0,0,0,0,0,0,2,14,1,,375
Ni3N-Gr,Ni,1,1,1,2,0,0,7,2,1,GC,0,0,3,0,0,0,0,0,0,0,0,0,,14,1,0.306,377
NiOx,Ni,1,0,0,0,0,0,7,1,0,TM_based,0,0,1,0,0,0,0,0,0,0,0,0,3.071428571,14,1,,378
Ni3N/CC,Ni,1,1,1,3,0,0,2,2,0,carbon_based,0,0,3,0,0,0,0,0,0,0,0,0,2.57,14,1,,379
0.61NiMnO3/NiMn2O4,Ni,1,0,0,0,0,0,3,0,0,GC,0,0,1.89,0,0,3,0,0,0,0,0,0,6,13,0.1,0.24,380
NiN/CC,Ni,1,1,0,0,0,0,3,2,0,carbon_based,0,0,1,0,0,0,0,0,0,0,0,0,,14,1,2.5,390
NiCoO2@OMC,Ni,1,0,1,3,0,0,3,2,1,GC,0,1,1,0,0,0,0,0,0,0,0,0,,14,1,0.567,390
Ni/NiCo2O4–N-CNT,Ni,1,0,1,1,1,0,3,0,1,GC,0,2,2,0,0,0,0,0,0,0,0,0,6,13,0.1,0.24,392
Ni3FeN/NRGO,Ni,1,1,1,4,1,0,7,0,0,GC,0,0,3,1,0,0,0,0,0,0,0,0,,13,0.1,0.1,400
NiO-Ni/NCNT,Ni,1,0,1,1,1,0,3,2,0,GC,0,0,2,0,0,0,0,0,0,0,0,0,,14,1,0.21,400
Ni2CoO,Ni,1,0,0,0,0,0,6,0,1,GC,0,1,2,0,0,0,0,0,0,0,0,0,4.666666667,13,0.1,0.2,410
FeNi3N/NG,Ni,1,1,1,2,1,0,3,2,0,GC,0,0,3,1,0,0,0,0,0,0,0,0,2.428571429,13,0.1,0.51,410
1.57NiMnO3/NiMn2O4,Ni,1,0,0,0,0,0,3,0,0,GC,0,0,2.22,0,0,3,0,0,0,0,0,0,,13,0.1,0.24,430
3.11NiMnO3/NiMn2O4,Ni,1,0,0,0,0,0,3,0,0,GC,0,0,2.52,0,0,3,0,0,0,0,0,0,2.57,13,0.1,0.24,435
Ni3N/RGO,Ni,1,1,1,4,0,0,7,0,0,GC,0,0,3,0,0,0,0,0,0,0,0,0,4,13,0.1,0.1,440
MoO2,Other TMs,0,0,0,0,0,0,7,1,1,NF,0,0,0,0,1,0,0,0,0,0,0,0,,14,1,2.9,260
Mn3N2,Other TMs,0,1,0,0,0,0,1,0,0,NF,0,0,0,0,0,3,0,0,0,0,0,0,2,14,1,3,270
Mn3N2,Other TMs,0,1,0,0,0,0,8,0,0,NF,0,0,0,0,0,3,0,0,0,0,0,0,1.5,14,1,3,270
Mn2O3,Other TMs,0,0,0,0,0,0,6,0,0,NF,0,0,0,0,0,2,0,0,0,0,0,0,2.57,14,1,3,330
MoO2,Other TMs,0,0,0,0,0,0,7,1,1,NF,0,0,0,0,1,0,0,0,0,0,0,0,,14,1,3.4,330
"Co,P-VN",Other TMs,0,1,0,0,0,1,2,0,0,carbon_based,15,0.01,0,0,0,0,0,0,0,1,0,0,,14,1,,335
VO2 (Anneal),Other TMs,0,0,0,0,0,0,3,2,0,carbon_based,0,0,0,0,0,0,0,0,0,1,0,0,5.6,14,1,,350
Mn3N2,Other TMs,0,1,0,0,0,0,1,0,0,TM_based,0,0,0,0,0,3,0,0,0,0,0,0,,14,1,1,390
Mn3N2,Other TMs,0,1,0,0,0,0,8,0,0,TM_based,0,0,0,0,0,3,0,0,0,0,0,0,,14,1,1,390
Co-VN,Other TMs,0,1,0,0,0,0,2,0,0,carbon_based,0,0.01,0,0,0,0,0,0,0,1,0,0,2.428571429,14,1,,395
P-VN,Other TMs,0,1,0,0,0,1,2,0,0,carbon_based,15,0,0,0,0,0,0,0,0,1,0,0,,14,1,,401
CrON,Other TMs,0,1,0,0,0,0,3,0,0,carbon_based,0,0,0,0,0,0,0,0,1,0,0,0,6.2,14,1,2,409
Mo3N2,Other TMs,0,1,0,0,0,0,2,0,0,GC,0,0,0,0,3,0,0,0,0,0,0,0,2.428571429,13,0.1,0.125,430
CrN,Other TMs,0,1,0,0,0,0,3,0,0,carbon_based,0,0,0,0,0,0,0,0,1,0,0,0,2.678571429,14,1,2,446
Mo2N,Other TMs,0,1,0,0,0,0,8,0,0,GC,0,0,0,0,2,0,0,0,0,0,0,0,2.57,13,0.1,0.124,450
TRGO@ZnO/Co3O4 (33% Co3O4),Other TMs,1,0,1,4,0,0,3,2,0,GC,0,0.88,0,0,0,0,0,1,0,0,0,0,,0,0.5,0.01,211
Ir0.6Cr0.4Ox-350,Other TMs,1,0,0,0,0,0,2,0,0,carbon_based,0,0,0,0,0,0,0,0,0.4,0,0,0,4.333333333,0,0.5,0.56,250
Ni@NCNT/NiMoN/NF,Other TMs,1,1,1,1,1,0,6,1,1,NF,0,0,3.62,0,6.13,0,0,0,0,0,0,0,6,14,1,41.3,261
MnOx/CNT/NF,Other TMs,1,0,1,1,0,0,6,1,1,NF,0,0,0,0,0,1,0,0,0,0,0,0,3,14,1,0.28,270
VN/CNT/IF,Other TMs,1,1,1,1,0,0,2,3,1,TM_based,0,0,0,0,0,0,0,0,0,1,0,0,,14,1,,270
VN/CNT/IF,Other TMs,1,1,1,1,0,0,2,3,1,TM_based,0,0,0,0,0,0,0,0,0,1,0,0,4.166666667,14,1,,270
Ni0.2Mo0.8N,Other TMs,1,1,0,0,0,0,2,0,0,carbon_based,0,0,0.2,0,0.8,0,0,0,0,0,0,0,2.590854392,14,1,3.5,295
TiN@NiO/CC,Other TMs,1,1,1,3,0,0,4,2,0,carbon_based,0,0,1,0,0,0,0,0,0,0,0,1,5.6,14,1,6.4,310
Co/VN,Other TMs,1,1,1,3,0,0,7,0,1,GC,0,1,0,0,0,0,0,0,0,1,0,0,,14,1,0.694,312
delta-MnO2,Other TMs,1,0,0,0,0,0,7,1,1,NF,0,0,0,0,0,1,0,0,0,0,0,0,,13.6,1,,320
NC–Cu-CuN,Other TMs,1,1,1,3,1,0,2,1,1,NF,0,0,0,0,0,0,2,0,0,0,0,0,4,14,1,1.5,334
TiN/CC,Other TMs,1,1,1,3,0,0,2,2,0,carbon_based,0,0,0,0,0,0,0,0,0,0,0,1,2.342857143,14,1,6.4,360
VN/CC,Other TMs,1,1,1,3,0,0,7,2,1,carbon_based,0,0,0,0,0,0,0,0,0,1,0,0,,14,1,1.83,373
MnOx/CNT,Other TMs,1,0,1,1,0,0,6,0,0,GC,0,0,0,0,0,1,0,0,0,0,0,0,5.25,14,1,0.28,379
Metal Ion Doped MnO2/CFP,Other TMs,1,0,1,1,0,0,7,2,1,carbon_based,0,0.016,0.002,0.109,0,1,0,0,0,0.109,0,0,3.75,14,1,800,390
CuO@FTO,Other TMs,1,0,0,0,0,0,5,3,0,TM_based,0,0,0,0,0,0,1,0,0,0,0,0,6,14,1,,436
Mn3O4/CoSe2,Other TMs,1,0,0,0,0,0,4,0,0,GC,34,1,0,0,0,3,0,0,0,0,0,0,6,13,0.1,0.2,450