Compound,Compound Class,Composite (Y or N),Presence of Carbon,Carbon Structures,N-doped Carbon Structure (0 or 1),Doping (other than TMs),Morphology Category,Grown on,"Porous - 1, Non-Porous - 0",Substrates,Presence of atoms (other than TMs),Cobalt atoms,Nickel atoms,Iron atoms,Molybdenum atoms,Manganese atoms,Copper atoms,Zinc atoms,Chromium Atoms,Vanadium Atoms,Tungsten atoms,Titanium atoms,Average d electrons,pH,Catalyst Loading (mg/cm2),Overpotential (mV)
Pd/NiFeOx,Ni,0,0,0,0,1,7,0,1,NF,46,0,1,0.101,0,0,0,0,0,0,0,0,,14,,180
FeCoGaOx,Co,0,0,0,0,1,8,0,0,NF,31,1,0,1,0,0,0,0,0,0,0,0,,14,0.4,215
Pd/NiO,Ni,0,0,0,0,1,7,0,1,NF,46,0,1,0,0,0,0,0,0,0,0,0,7,0,,217
FeCoGaOx,Co,0,0,0,0,1,8,0,0,carbon_based,31,1,0,1,0,0,0,0,0,0,0,0,,14,0.4,237
FeCoGaOx,Co,0,0,0,0,1,8,0,0,GC,31,1,0,1,0,0,0,0,0,0,0,0,,14,0.4,245
FeCoCrOx,Fe,0,0,0,0,0,8,0,0,GC,0,1,0,1,0,0,0,0,1,0,0,0,,14,0.4,245
Co1.75Al1.25O4,Co,0,0,0,0,1,7,0,1,GC,13,1.75,0,0,0,0,0,0,0,0,0,0,5.918083462,14,0.64,248
Ni0.6Fe0.3Cr0.1Ox,Ni,0,0,0,0,0,5,0,1,GC,0,0,0.6,0.3,0,0,0,0,0.1,0,0,0,,14,2,251
FeCoOx,Co,0,0,0,0,0,8,0,0,NF,0,1,0,1,0,0,0,0,0,0,0,0,6.26,14,0.4,253
Zn0.8Co2.2O4,Co,0,0,0,0,0,3,0,0,GC,0,2.2,0,0,0,0,0,0.8,0,0,0,0,2.214285714,13,1,254
Co1.5Al1.5O4,Co,0,0,0,0,1,7,0,1,GC,13,1.5,0,0,0,0,0,0,0,0,0,0,,14,0.64,258
Ni-Fe-O,Fe,0,0,0,0,0,7,0,0,TM_based,0,0,1,1,0,0,0,0,0,0,0,0,0.6666666667,14,,260
Fe-Co3O4,Co,0,0,0,0,0,7,0,1,GC,0,3,0,0.05,0,0,0,0,0,0,0,0,,14,0.25,262
FeGaOx,Fe,0,0,0,0,1,8,0,0,NF,31,0,0,1,0,0,0,0,0,0,0,0,,14,0.4,262
NiCo2O4,Co,0,0,0,0,0,6,0,0,NF,0,2,1,0,0,0,0,0,0,0,0,0,6,14,1,270
NiCo2O4,Co,0,0,0,0,0,7,0,0,NF,0,2,1,0,0,0,0,0,0,0,0,0,3,14,1.12,270
Co2.1Al0.9O4,Co,0,0,0,0,1,7,0,1,GC,13,2.1,0,0,0,0,0,0,0,0,0,0,,14,0.64,272
Ni0.6Fe0.4Ox,Ni,0,0,0,0,0,5,0,0,GC,0,0,0.6,0.4,0,0,0,0,0,0,0,0,6,14,2,272
NiCo2−xFexO4,Co,0,0,0,0,0,6,0,1,carbon_based,0,1.883,1,0.117,0,0,0,0,0,0,0,0,,14,0.5,274
FeCoGaOx,Co,0,0,0,0,1,8,0,0,TM_based,31,1,0,1,0,0,0,0,0,0,0,0,4.333333333,14,0.4,275
Fe-Doped CoO,Co,0,0,0,0,0,2,0,1,carbon_based,0,1,0,0.07,0,0,0,0,0,0,0,0,,14,2.5,282
NiFeOx,Fe,0,0,0,0,0,7,0,0,NF,0,0,1,1,0,0,0,0,0,0,0,0,5.6,0,,282
Zn0.6Co2.4O4,Co,0,0,0,0,0,3,0,0,GC,0,2.4,0,0,0,0,0,0.6,0,0,0,0,,13,1,287
Co2.4Al0.6O4,Co,0,0,0,0,1,7,0,1,GC,13,2.4,0,0,0,0,0,0,0,0,0,0,5.5,14,0.64,290
Pd/NiO,Ni,0,0,0,0,1,7,0,1,NF,46,0,1,0,0,0,0,0,0,0,0,0,2.428571429,14,,290
NiCo2O4,Co,0,1,3,0,0,6,0,1,NF,0,2,1,0,0,0,0,0,0,0,0,0,,14,1,290
FeCoOx,Co,0,0,0,0,0,8,0,0,GC,0,1,0,1,0,0,0,0,0,0,0,0,,14,0.4,294
CoGaOx,Co,0,0,0,0,1,8,0,0,NF,31,1,0,0,0,0,0,0,0,0,0,0,3.5,14,0.4,295
NiCrFeO4,Fe,0,0,0,0,0,2,0,1,GC,0,0,1,1.8,0,0,0,0,1.51,0,0,0,,14,0.665,298
ZnCo2O4,Co,0,0,0,0,0,3,0,0,GC,0,2,0,0,0,0,0,1,0,0,0,0,2.14,13,1,300
Co2VO4,Co,0,1,3,0,0,7,0,1,GC,0,2,0,0,0,0,0,0,0,1,0,0,3.75,14,0.694,300
FeCoOx,Fe,0,0,0,0,0,8,0,0,GC,0,1,0,1,0,0,0,0,0,0,0,0,,14,0.4,301
NiFe2O4,Fe,0,0,0,0,0,6,0,0,carbon_based,0,0,1,2,0,0,0,0,0,0,0,0,3.5,14,1,302
FeCoOx,Co,0,0,0,0,0,8,0,0,TM_based,0,1,0,1,0,0,0,0,0,0,0,0,3.784482759,14,0.4,304
Zn0.4Co2.6O4,Co,0,0,0,0,0,3,0,0,GC,0,2.6,0,0,0,0,0,0.4,0,0,0,0,4,13,1,306
Co3O4,Co,0,0,0,0,0,7,0,1,GC,0,3,0,0,0,0,0,0,0,0,0,0,,14,0.34,307
FeCoO,Co,0,1,3,0,0,7,0,0,GC,0,1,0,1,0,0,0,0,0,0,0,0,,13,0.36,308
Pd/NiFeOx,Ni,0,0,0,0,1,7,0,1,NF,46,0,1,0.101,0,0,0,0,0,0,0,0,1.16,7.4,,310
6%Te-Co3O4,Co,0,0,0,0,1,3,0,0,GC,52,3,0,0,0,0,0,0,0,0,0,0,2.42,14,0.24,313
FeOx,Fe,0,0,0,0,0,8,0,0,NF,0,0,0,1,0,0,0,0,0,0,0,0,,14,0.4,313
Co3O4,Co,0,0,0,0,0,7,0,0,GC,0,3,0,0,0,0,0,0,0,0,0,0,,14,0.25,314
FeCoOx,Co,0,0,0,0,0,8,0,0,carbon_based,0,1,0,1,0,0,0,0,0,0,0,0,3.5,14,0.4,316
CoO,Co,0,0,0,0,0,2,0,0,carbon_based,0,1,0,0,0,0,0,0,0,0,0,0,3.5,14,2.5,320
CoO,Co,0,0,0,0,0,7,0,0,carbon_based,0,1,0,0,0,0,0,0,0,0,0,0,3.5,14,1,320
NiCr0.5Fe1.5O4,Fe,0,0,0,0,0,3,0,0,GC,0,0,1,1.5,0,0,0,0,0.5,0,0,0,,14,,320
Fe3CoO,Co,0,1,3,0,0,7,0,0,GC,0,1,0,3,0,0,0,0,0,0,0,0,5.425,13,0.36,323
Zn0.2Co2.8O4,Co,0,0,0,0,0,3,0,0,GC,0,2.8,0,0,0,0,0,0.2,0,0,0,0,4.333333333,13,1,325
CoCrOx,Co,0,0,0,0,0,8,0,0,GC,0,1,0,0,0,0,0,0,1,0,0,0,2.428571429,14,0.4,326
Co3O4,Co,0,0,0,0,0,2,0,0,GC,0,3,0,0,0,0,0,0,0,0,0,0,2.57,14,0.64,327
CoOx,Co,0,0,0,0,0,8,0,0,GC,0,1,0,0,0,0,0,0,0,0,0,0,5.6,14,0.4,327
Co3O4,Co,0,0,0,0,0,3,0,0,NF,0,3,0,0,0,0,0,0,0,0,0,0,5.2,14,1,328
NiO,Ni,0,1,3,0,0,6,0,0,NF,0,0,1,0,0,0,0,0,0,0,0,0,2.57,14,1,328
NiCo2O4,Co,0,0,0,0,0,6,0,1,carbon_based,0,2,1,0,0,0,0,0,0,0,0,0,3.5,14,0.5,330
NiFe2O4,Fe,0,0,0,0,0,2,0,1,GC,0,0,1,2,0,0,0,0,0,0,0,0,1.6,14,0.665,330
NaNiO2,Ni,0,0,0,0,1,8,0,0,NF,11,0,1,0,0,0,0,0,0,0,0,0,3.5,14,0.13,330
Mn2O3,Other TMs,0,0,0,0,0,6,0,0,NF,0,0,0,0,0,2,0,0,0,0,0,0,2.57,14,3,330
Co2.25Cr0.75O4,Co,0,0,0,0,0,3,0,0,GC,0,2.25,0,0,0,0,0,0,0.75,0,0,0,2.428571429,14,1.68,332
CoOx,Co,0,0,0,0,0,8,0,0,NF,0,1,0,0,0,0,0,0,0,0,0,0,6,14,0.4,333
NiCo2O4,Ni,0,0,0,0,0,7,0,0,GC,0,2,1,0,0,0,0,0,0,0,0,0,5.6,14,0.35,333
Co3O4,Co,0,0,0,0,0,7,0,1,GC,0,3,0,0,0,0,0,0,0,0,0,0,,13,0.34,335
NiFeOx,Fe,0,0,0,0,0,7,0,0,NF,0,0,1,1,0,0,0,0,0,0,0,0,,14,,335
NiO,Ni,0,0,0,0,0,7,0,0,NF,0,0,1,0,0,0,0,0,0,0,0,0,,14,,335
NiCo2−xFexO4,Co,0,0,0,0,0,3,0,0,carbon_based,0,1.883,1,0.117,0,0,0,0,0,0,0,0,5.6,14,0.5,336
Co3−xFexO4,Co,0,0,0,0,0,6,0,1,carbon_based,0,2.883,0,0.117,0,0,0,0,0,0,0,0,2.428571429,14,0.5,337
ZnxCo3–xO4,Co,0,0,0,0,0,6,0,1,GC,0,2.23,0,0,0,0,0,1,0,0,0,0,1.272727273,14,0.21,337
Co3O4 ,Co,0,0,0,0,0,3,0,0,NF,0,3,0,0,0,0,0,0,0,0,0,0,5.918083462,14,1,339
Co2V2O7,Co,0,0,0,0,0,7,0,1,GC,0,2,0,0,0,0,0,0,0,2,0,0,2.857,14,0.28,340
LiCo0.8Fe0.2O2,Co,0,1,3,0,0,8,0,0,GC,3,0.8,0,0.2,0,0,0,0,0,0,0,0,5.6,12.6,0.232,340
NiFe2O4,Fe,0,0,0,0,0,2,0,1,GC,0,0,1,2,0,0,0,0,0,0,0,0,,14,0.12,342
Co2.25Cr0.75O4,Co,0,0,0,0,0,3,0,0,GC,0,2.25,0,0,0,0,0,0,0.75,0,0,0,,14,1.26,344
FeCrOx,Fe,0,0,0,0,0,8,0,0,GC,0,0,0,1,0,0,0,0,1,0,0,0,2.428571429,14,0.4,344
FeCo3O,Co,0,1,3,0,0,7,0,0,GC,0,3,0,1,0,0,0,0,0,0,0,0,5.625,13,0.36,348
Co2.25Cr0.75O4,Co,0,0,0,0,0,3,0,0,GC,0,2.25,0,0,0,0,0,0,0.75,0,0,0,2.57,14,0.84,350
Fe0.5Ni0.5Co2O4,Co,0,0,0,0,0,2,0,0,NF,0,2,0.5,0.5,0,0,0,0,0,0,0,0,,14,,350
Ni3FeOx,Ni,0,0,0,0,0,6,0,1,GC,0,0,3,1,0,0,0,0,0,0,0,0,,14,0.203,352
4%Te-Co3O4,Co,0,0,0,0,1,3,0,0,GC,52,3,0,0,0,0,0,0,0,0,0,0,2.428571429,14,0.24,353
CoOx,Co,0,0,0,0,0,8,0,0,GC,0,1,0,0,0,0,0,0,0,0,0,0,1.615384615,14,0.4,353
8%Te-Co3O4,Co,0,0,0,0,1,3,0,0,GC,52,3,0,0,0,0,0,0,0,0,0,0,,14,0.24,358
Co3O4,Co,0,0,0,0,0,3,0,0,GC,0,3,0,0,0,0,0,0,0,0,0,0,2.57,13,1,358
Co3V2O8,Co,0,0,0,0,0,3,0,1,GC,0,3,0,0,0,0,0,0,0,2,0,0,3.285714286,14,0.21,359
NiMoO4,Ni,0,0,0,0,0,7,0,1,NF,0,0,1,0,1,0,0,0,0,0,0,0,5.6,14,7,359
Co2.5Cr0.5O4,Co,0,0,0,0,0,3,0,0,GC,0,2.5,0,0,0,0,0,0,0.5,0,0,0,6,14,0.84,360
NiCo2O4,Co,0,0,0,0,0,6,0,1,NF,0,2,1,0,0,0,0,0,0,0,0,0,6,14,0.12,360
NiCr0.8Fe1.2O4,Fe,0,0,0,0,0,3,0,0,GC,0,0,1,1.2,0,0,0,0,0.8,0,0,0,,14,,360
NixCo3–xO4,Co,0,0,0,0,0,6,0,1,GC,0,2.25,1,0,0,0,0,0,0,0,0,0,5.25,14,0.21,363
Co2.25Cr0.75O4,Co,0,0,0,0,0,3,0,0,GC,0,2.25,0,0,0,0,0,0,0.75,0,0,0,4,14,0.42,367
CoO,Co,0,0,0,0,0,3,0,0,carbon_based,0,1,0,0,0,0,0,0,0,0,0,0,4.857142857,14,2.5,369
Co2CrO4,Co,0,0,0,0,0,3,0,0,GC,0,2,0,0,0,0,0,0,1,0,0,0,5.15,14,0.84,370
NiO,Ni,0,0,0,0,0,7,0,0,NF,0,0,1,0,0,0,0,0,0,0,0,0,4,0,,370
Co3O4,Co,0,0,0,0,0,7,0,0,GC,0,3,0,0,0,0,0,0,0,0,0,0,6,14,,374
Co3O4,Co,0,0,0,0,0,3,0,0,GC,0,3,0,0,0,0,0,0,0,0,0,0,,14,0.24,374
Co3O4,Co,0,0,0,0,0,2,0,1,GC,0,3,0,0,0,0,0,0,0,0,0,0,,14,0.285,375
CoGaOx,Co,0,0,0,0,1,8,0,0,carbon_based,31,1,0,0,0,0,0,0,0,0,0,0,6,14,0.4,377
FeGaOx,Fe,0,0,0,0,1,8,0,0,TM_based,31,0,0,1,0,0,0,0,0,0,0,0,2,14,0.4,377
CoGaOx,Co,0,0,0,0,1,8,0,0,GC,31,1,0,0,0,0,0,0,0,0,0,0,,14,0.4,378
CoGaOx,Co,0,0,0,0,1,8,0,0,TM_based,31,1,0,0,0,0,0,0,0,0,0,0,,14,0.4,378
Co1.25Cr1.75O4,Co,0,0,0,0,0,3,0,0,GC,0,1.25,0,0,0,0,0,0,1.75,0,0,0,2.857,14,0.84,380
Co1.75Cr1.25O4,Co,0,0,0,0,0,3,0,0,GC,0,1.75,0,0,0,0,0,0,1.25,0,0,0,,14,0.84,380
Co2.25Cr0.75O4,Co,0,0,0,0,0,3,0,0,GC,0,2.25,0,0,0,0,0,0,0.75,0,0,0,1.814285714,14,0.21,380
Co2.75Cr0.25O4,Co,0,0,0,0,0,3,0,0,GC,0,2.75,0,0,0,0,0,0,0.25,0,0,0,,14,0.84,380
ZnCo2O4,Co,0,0,0,0,0,6,0,1,GC,0,2,0,0,0,0,0,1,0,0,0,0,2.035714286,14,0.21,380
Fe0.25Ni0.75Co2O4,Co,0,0,0,0,0,2,0,0,NF,0,2,0.75,0.25,0,0,0,0,0,0,0,0,4.25,14,,380
FeGaOx,Fe,0,0,0,0,1,8,0,0,GC,31,0,0,1,0,0,0,0,0,0,0,0,2.142857143,14,0.4,381
Co3O4,Co,0,0,0,0,0,3,0,1,GC,0,3,0,0,0,0,0,0,0,0,0,0,2.428571429,14,0.21,384
Co3O4,Co,0,0,0,0,0,6,0,1,carbon_based,0,3,0,0,0,0,0,0,0,0,0,0,1.333333333,14,0.5,390
Co1.5Cr1.5O4,Co,0,0,0,0,0,3,0,0,GC,0,1.5,0,0,0,0,0,0,1.5,0,0,0,3,14,0.84,390
NiMoO4,Ni,0,0,0,0,0,8,0,0,GC,0,0,1,0,1,0,0,0,0,0,0,0,5.285714286,13,0.124,390
CoOx,Co,0,0,0,0,0,8,0,0,carbon_based,0,1,0,0,0,0,0,0,0,0,0,0,,14,0.4,394
Co2.25Cr0.75O4,Co,0,0,0,0,0,3,0,0,GC,0,2.25,0,0,0,0,0,0,0.75,0,0,0,2.428571429,14,0.168,394
CuxCo3–xO4,Co,0,0,0,0,0,6,0,1,GC,0,2,0,0,0,0,1,0,0,0,0,0,,14,0.21,395
Co3O4,Co,0,0,0,0,0,5,0,0,carbon_based,0,3,0,0,0,0,0,0,0,0,0,0,2.428571429,13,,399
Co2.25Cr0.75O4,Co,0,0,0,0,0,3,0,0,GC,0,2.25,0,0,0,0,0,0,0.75,0,0,0,,14,0.126,400
CoCr2O4,Co,0,0,0,0,0,3,0,0,GC,0,1,0,0,0,0,0,0,2,0,0,0,4,14,0.84,400
CuCo2O4,Co,0,0,0,0,0,3,0,0,GC,0,2,0,0,0,0,1,0,0,0,0,0,6,14,0.14,400
Fe0.75Ni0.25Co2O4,Co,0,0,0,0,0,2,0,0,NF,0,2,0.25,0.75,0,0,0,0,0,0,0,0,2.428571429,14,,400
FeCoO,Co,0,1,3,0,0,3,0,0,GC,0,1,0,1,0,0,0,0,0,0,0,0,2.428571429,13,0.36,400
NiFe2O4,Fe,0,0,0,0,0,3,0,0,GC,0,0,1,2,0,0,0,0,0,0,0,0,,14,,401
Co3O4,Co,0,0,0,0,0,6,0,1,NF,0,3,0,0,0,0,0,0,0,0,0,0,2.428571429,14,1,403
FeOx,Fe,0,0,0,0,0,8,0,0,TM_based,0,0,0,1,0,0,0,0,0,0,0,0,2.571428571,14,0.4,407
CoMoO4,Co,0,0,0,0,0,2,0,0,GC,0,1,0,0,1,0,0,0,0,0,0,0,6,14,0.125,410
Fe0.9Ni0.1Co2O4,Co,0,0,0,0,0,2,0,0,NF,0,2,0.1,0.9,0,0,0,0,0,0,0,0,2.428571429,14,,410
FeCo2O4,Co,0,0,0,0,0,2,0,0,NF,0,2,0,1,0,0,0,0,0,0,0,0,4,14,,410
NiFe2O4,Fe,0,0,0,0,0,3,0,0,carbon_based,0,0,1,2,0,0,0,0,0,0,0,0,,13,2.6,410
Co3O4,Co,0,0,0,0,0,6,0,1,GC,0,3,0,0,0,0,0,0,0,0,0,0,2.57,13,0.1,411
Co3O4,Co,0,0,0,0,0,2,0,0,GC,0,3,0,0,0,0,0,0,0,0,0,0,,14,,414
Co3O4,Co,0,0,0,0,0,2,0,0,GC,0,3,0,0,0,0,0,0,0,0,0,0,2.428571429,14,0.285,414
NiO,Ni,0,0,0,0,0,6,0,1,GC,0,0,1,0,0,0,0,0,0,0,0,0,3.5,14,0.203,415
NiO,Ni,0,0,0,0,0,2,0,0,GC,0,0,1,0,0,0,0,0,0,0,0,0,5.033333333,14,0.4,418
Co2.25Cr0.75O4,Co,0,0,0,0,0,3,0,0,GC,0,2.25,0,0,0,0,0,0,0.75,0,0,0,4,14,0.084,420
Co3O4,Co,0,0,0,0,0,3,0,0,GC,0,3,0,0,0,0,0,0,0,0,0,0,2.428571429,14,0.14,420
NiO,Ni,0,0,0,0,0,6,0,0,NF,0,0,1,0,0,0,0,0,0,0,0,0,4,14,0.12,420
FeCo9O,Co,0,1,3,0,0,7,0,0,GC,0,9,0,1,0,0,0,0,0,0,0,0,2.57,13,0.36,420
Co3O4,Co,0,0,0,0,0,6,0,1,GC,0,3,0,0,0,0,0,0,0,0,0,0,2.57,14,0.21,422
NiO,Ni,0,0,0,0,0,7,0,0,GC,0,0,1,0,0,0,0,0,0,0,0,0,2.57,14,0.35,425
Co3O4,Co,0,0,0,0,0,3,0,0,GC,0,3,0,0,0,0,0,0,0,0,0,0,,13,0.2,426
NiCo2O4,Co,0,0,0,0,0,7,0,0,GC,0,2,1,0,0,0,0,0,0,0,0,0,2.428571429,14,,426
NiCo2O4,Co,0,0,0,0,0,3,0,0,GC,0,2,1,0,0,0,0,0,0,0,0,0,1.814285714,14,,426
NiO,Ni,0,0,0,0,0,6,0,0,GC,0,0,1,0,0,0,0,0,0,0,0,0,6,13,0.2,427
NiCo2O4,Co,0,0,0,0,0,6,0,1,GC,0,2,1,0,0,0,0,0,0,0,0,0,3,14,25.5,428
NiCo2O4,Co,0,0,0,0,0,2,0,0,GC,0,2,1,0,0,0,0,0,0,0,0,0,2.428571429,14,1.06,430
Co3O4,Co,0,1,4,0,0,7,0,0,GC,0,3,0,0,0,0,0,0,0,0,0,0,1.814285714,14,0.204,430
LiCoO2,Co,0,1,3,0,0,8,0,0,GC,3,1,0,0,0,0,0,0,0,0,0,0,4.5,12.6,0.232,430
Co3O4,Co,0,0,0,0,0,6,0,0,GC,0,3,0,0,0,0,0,0,0,0,0,0,2.428571429,14,,433
Fe0.1Ni0.9Co2O4,Co,0,0,0,0,0,2,0,0,NF,0,2,0.1,0.9,0,0,0,0,0,0,0,0,4,14,,435
Co2.25Cr0.75O4,Co,0,0,0,0,0,3,0,0,GC,0,2.25,0,0,0,0,0,0,0.75,0,0,0,1.5,14,0.042,440
Co3O4,Co,0,0,0,0,0,6,0,0,NF,0,3,0,0,0,0,0,0,0,0,0,0,0,14,0.12,440
Co3O4,Co,0,0,0,0,0,3,0,1,GC,0,3,0,0,0,0,0,0,0,0,0,0,1.5,13,0.1,449
Zn-Co3O4,Co,1,0,0,0,0,7,3,1,TM_based,0,3,0,0,0,0,0,0.057,0,0,0,0,2.428571429,13,0.45,182
TRGO@ZnO/Co3O4 (33% Co3O4),Other TMs,1,1,4,0,0,3,2,0,GC,0,0.88,0,0,0,0,0,1,0,0,0,0,,0,0.01,211
FeCoOx-Vo-S,Co,1,0,0,0,1,7,0,0,GC,16,1,0,2,0,0,0,0,0,0,0,0,,14,0.36,217
Co3O4/C,Co,1,1,3,0,0,2,3,1,TM_based,0,3,0,0,0,0,0,0,0,0,0,0,6,14,0.2,223
NiFeOx/NF,Fe,1,0,0,0,0,7,1,1,NF,0,0,1,1,0,0,0,0,0,0,0,0,,14,,227
NiCo/Fe3O4,Fe,1,0,0,0,0,3,0,1,GC,0,1,1,3,0,0,0,0,0,0,0,0,,14,0.764,238
Co3O4@CoP,Co,1,0,0,0,1,4,1,0,GC,15,1.478,0,0,0,0,0,0,0,0,0,0,2.214285714,14,1,238
Cr-NiCo2O4/NF,Co,1,0,0,0,0,2,1,1,NF,0,2,1,0,0,0,0,0,0.0279,0,0,0,4.892857143,14,1,238
Ni/NiO/NiCo2O4–N-CNT,Ni,1,1,1,1,0,3,0,1,GC,0,2,3,0,0,0,0,0,0,0,0,0,,14,0.24,240
CoFe2O4/C,Fe,1,1,3,0,0,6,1,1,NF,0,1,0,2,0,0,0,0,0,0,0,0,4.857142667,14,1.03,240
Ni-NiO/N-rGO,Ni,1,1,4,1,0,3,2,0,GC,0,0,2,0,0,0,0,0,0,0,0,0,2.428571429,13,0.21,240
Ni2Fe1-O,Ni,1,0,0,0,0,2,0,1,GC,0,0,2,1,0,0,0,0,0,0,0,0,,14,0.15,244
Ir0.6Cr0.4Ox-350,Other TMs,1,0,0,0,0,2,0,0,carbon_based,0,0,0,0,0,0,0,0,0.4,0,0,0,4.333333333,0,0.56,250
Co3O4/Fe2O3/NF,Co,1,0,0,0,0,7,1,1,NF,0,3,0,2,0,0,0,0,0,0,0,0,,14,0.325,254
Ni2Fe1-O,Ni,1,0,0,0,0,2,0,1,GC,0,0,2,1,0,0,0,0,0,0,0,0,,14,0.2,256
CoO/Co3O4,Co,1,0,0,0,0,5,0,1,carbon_based,0,4,0,0,0,0,0,0,0,0,0,0,2.964285714,14,,260
Na0.08Ni0.9Fe0.1O2,Ni,1,0,0,0,1,8,0,0,NF,11,0,0.9,0.1,0,0,0,0,0,0,0,0,,14,0.13,260
CoOx/NC,Co,1,1,3,1,0,7,0,1,NF,0,1,0,0,0,0,0,0,0,0,0,0,,14,1,260
MoO2 / NF,Other TMs,1,0,0,0,0,7,1,1,NF,0,0,0,0,1,0,0,0,0,0,0,0,,14,2.9,260
NiFeOx/NF,Ni,1,0,0,0,0,7,1,1,NF,0,0,1,1,0,0,0,0,0,0,0,0,,14,,260
NiCo@C-NiCoMoO/NF,Ni,1,1,2,1,0,7,1,1,NF,0,2.32,1.11,0,1,0,0,0,0,0,0,0,6,14,10.5,260
TRGO/Co3O4,Co,1,1,4,0,0,6,2,0,GC,0,3,0,0,0,0,0,0,0,0,0,0,3.5,0,0.01,260
Co3O4@C,Co,1,1,3,0,0,4,1,1,GC,0,6.2,0,0,0,0,0,0,0,0,0,0,2.428571429,14,1,261
NiFex/NiFe2O4@NC,Fe,1,1,2,1,0,6,0,1,carbon_based,0,0,2,3,0,0,0,0,0,0,0,0,,14,1,262
NiO/NiCo2O4,Ni,1,0,0,0,0,7,0,1,GC,0,2,2,0,0,0,0,0,0,0,0,0,,14,0.35,264
CeO2-CuCoO/NF,Co,1,0,0,0,1,6,1,1,NF,58,1,0,0,0,0,1,0,0,0,0,0,2.571428571,14,1,266
Ni2Fe1-O,Ni,1,0,0,0,0,2,0,1,GC,0,0,2,1,0,0,0,0,0,0,0,0,2.571428571,14,0.1,267
NiCo2O4@C,Co,1,1,1,0,0,6,0,0,NF,0,2,1,0,0,0,0,0,0,0,0,0,,14,1,267
S-NiFe2O4/NF,Fe,1,0,0,0,1,7,1,1,NF,16,0,1,2,0,0,0,0,0,0,0,0,6.75,14,,267
CoO/Co3O4,Co,1,0,0,0,0,5,0,1,TM_based,0,4,0,0,0,0,0,0,0,0,0,0,,14,,270
Na0.01Ni0.9Fe0.1O2,Ni,1,0,0,0,1,8,0,0,NF,11,0,0.9,0.1,0,0,0,0,0,0,0,0,,14,0.13,270
Na0.41Ni0.9Fe0.1O2,Ni,1,0,0,0,1,8,0,0,NF,11,0,0.9,0.1,0,0,0,0,0,0,0,0,,14,0.13,270
Ni2Fe1-O,Ni,1,0,0,0,0,2,0,1,NF,0,0,2,1,0,0,0,0,0,0,0,0,5.166666667,14,5.4,270
Co3O4/CeO2,Co,1,1,4,0,1,4,0,0,GC,58,3,0,0,0,0,0,0,0,0,0,0,,14,0.204,270
NiO-Cr2O3,Ni,1,1,3,0,0,4,0,0,GC,0,0,1,0,0,0,0,0,2,0,0,0,,14,0.25,270
MnOx/CNT/NF,Other TMs,1,1,1,0,0,6,1,1,NF,0,0,0,0,0,1,0,0,0,0,0,0,3,14,0.28,270
CoO-NiO-NiCo/NCNT,Co,1,1,1,1,0,3,2,0,GC,0,2,2,0,0,0,0,0,0,0,0,0,1.214285714,14,0.21,270
Au/CoMoO4,Co,1,0,0,0,1,7,3,1,GC,79,1,0,0,1,0,0,0,0,0,0,0,2.571428571,14,7.25,270
FeMnO/CC,Fe,1,0,0,0,0,7,2,1,carbon_based,0,0,0,1,0,1,0,0,0,0,0,0,,14,1.6,273
S-Fe3O4/NF,Fe,1,0,0,0,1,7,1,1,NF,16,0,0,3,0,0,0,0,0,0,0,0,,14,,279
C/ZnCo2O4/ZnO/CF,Co,1,1,1,0,0,4,2,0,carbon_based,0,2,0,0,0,0,0,2,0,0,0,0,6,14,,279
NiCo-NiCoMoO/NF,Ni,1,0,0,0,0,7,1,1,NF,0,2.32,1.11,0,1,0,0,0,0,0,0,0,3.666666667,14,10.5,280
P-Co3O4,Co,1,0,0,0,1,7,3,0,TM_based,15,3,0,0,0,0,0,0,0,0,0,0,,14,0.4,280
NiCo2O3@OMC,Co,1,1,3,0,0,3,2,1,GC,0,2,1,0,0,0,0,0,0,0,0,0,4.5,14,0.567,281
NiCo2O4/NF,Co,1,0,0,0,0,7,1,1,NF,0,2,1,0,0,0,0,0,0,0,0,0,,14,0.6,284
NiFeOx,Fe,1,0,0,0,0,7,1,1,NF,0,0,1,1,0,0,0,0,0,0,0,0,6.75,14,,285
Co3O4@CoS,Co,1,0,0,0,1,4,1,0,GC,16,2.91,0,0,0,0,0,0,0,0,0,0,,14,1,289
MnCo2O4/NF,Co,1,0,0,0,0,6,1,1,NF,0,2,0,0,0,1,0,0,0,0,0,0,5.142857143,14,,289
NaNi0.9Fe0.1O2,Ni,1,0,0,0,1,8,0,0,NF,11,0,0.9,0.1,0,0,0,0,0,0,0,0,,14,0.13,290
Ni1.5Fe1.5-O,Fe,1,0,0,0,0,2,1,1,NF,0,0,1.5,1.5,0,0,0,0,0,0,0,0,7,14,0.15,290
Co3O4/C,Co,1,1,3,0,0,2,3,1,TM_based,0,3,0,0,0,0,0,0,0,0,0,0,,13,0.2,290
P-Co3O4,Co,1,0,0,0,1,7,3,0,TM_based,15,3,0,0,0,0,0,0,0,0,0,0,,13,0.4,291
Ni2Fe1-O,Ni,1,0,0,0,0,2,0,1,GC,0,0,2,1,0,0,0,0,0,0,0,0,,14,0.05,293
NiO/Ni,Ni,1,0,0,0,0,6,1,1,TM_based,0,0,1,0,0,0,0,0,0,0,0,0,2.8,14,,294
NiMoO4–CoMoO4,Ni,1,0,0,0,0,4,0,1,NF,0,1,1,0,2,0,0,0,0,0,0,0,2.428571429,14,7,300
CoWO/NF,Co,1,0,0,0,0,6,1,1,NF,0,4,0,0,0,0,0,0,0,0,6,0,1.25,14,,300
Co3O4@Co3O4,Co,1,0,0,0,0,4,1,1,GC,0,3.37,0,0,0,0,0,0,0,0,0,0,,14,1,301
Co3O4/RuO2,Co,1,0,0,0,1,6,0,0,GC,44,3,0,0,0,0,0,0,0,0,0,0,,14,0.285,305
S-NiO/NF,Ni,1,0,0,0,0,7,1,1,NF,16,0,1,0,0,0,0,0,0,0,0,0,6.5,14,,306
Co3O4,Co,1,0,0,0,0,3,0,0,NF,0,3,0,0,0,0,0,0,0,0,0,0,3.5,14,1,308
NiCo2O4/NF,Co,1,0,0,0,0,2,1,1,NF,0,2,1,0,0,0,0,0,0,0,0,0,5.25,14,1,308
Fe-NiOx,Fe,1,0,0,0,0,2,0,0,GC,0,0,1,1,0,0,0,0,0,0,0,0,,14,0.4,310
NiCo2O4@NiWO4,Co,1,0,0,0,0,2,1,1,NF,0,2,2,0,0,0,0,0,0,0,1,0,4.25,14,,310
Co3O4/N-rmgo,Co,1,1,4,1,0,6,2,0,NF,0,3,0,0,0,0,0,0,0,0,0,0,3.5,14,1,310
CoMoO4,Co,1,0,0,0,0,6,0,1,GC,0,1,0,0,1,0,0,0,0,0,0,0,3.928571429,14,0.285,312
ZnCo2O4/ZnO/CF,Co,1,1,1,0,0,4,2,0,carbon_based,0,2,0,0,0,0,0,2,0,0,0,0,2.428571429,14,,313
NiOx/NiCo2O4/Co3O4,Ni,1,0,0,0,0,4,1,0,TM_based,0,2,5,0,0,0,0,0,0,0,0,0,6,14,,315
CoFe2O4/C,Fe,1,1,3,0,0,8,1,1,NF,0,1,0,2,0,0,0,0,0,0,0,0,,14,1.03,315
Ni1Fe2-O,Fe,1,0,0,0,0,2,1,1,NF,0,0,1,2,0,0,0,0,0,0,0,0,,14,0.15,316
NaNi0.8Fe0.2O2,Ni,1,0,0,0,1,8,0,0,NF,11,0,0.8,0.2,0,0,0,0,0,0,0,0,6,14,0.13,320
Co3O4@C-MWCNT,Co,1,1,3,1,0,3,0,1,GC,0,3,0,0,0,0,0,0,0,0,0,0,,14,0.325,320
Co3O4/NF,Co,1,0,0,0,0,7,1,1,NF,0,3,0,0,0,0,0,0,0,0,0,0,6,14,,320
Co3O4/NiCo2O4/NF,Co,1,0,0,0,0,4,1,1,NF,0,6.61,1,0,0,0,0,0,0,0,0,0,,13,1,320
NiCoMoO/NF,Ni,1,0,0,0,0,7,1,1,NF,0,1,1,0,1,0,0,0,0,0,0,0,3.75,14,10.5,320
delta-MnO2,Other TMs,1,0,0,0,0,7,1,1,NF,0,0,0,0,0,1,0,0,0,0,0,0,,13.6,,320
Co3O4/CC,Co,1,1,3,0,0,2,2,1,carbon_based,0,3,0,0,0,0,0,0,0,0,0,0,2.8125,14,0.82,320
Co3O4/CC,Co,1,1,3,0,0,2,2,1,carbon_based,0,3,0,0,0,0,0,0,0,0,0,0,2.428571429,14,0.82,320
Co3O4/CC,Co,1,1,3,0,0,2,2,1,carbon_based,0,3,0,0,0,0,0,0,0,0,0,0,2.428571429,13,0.82,320
NiCo2O4,Co,1,1,3,0,0,2,2,1,carbon_based,0,2,1,0,0,0,0,0,0,0,0,0,2.428571429,14,,320
Co3O4  -RMGO,Co,1,1,4,0,0,6,2,0,NF,0,3,0,0,0,0,0,0,0,0,0,0,3.5,14,1,320
CuCoO / NF,Co,1,0,0,0,0,2,1,1,NF,0,1,0,0,0,0,1,0,0,0,0,0,2.428571429,14,1,325
NiCo2O4,Co,1,1,1,0,0,2,2,0,carbon_based,0,2,1,0,0,0,0,0,0,0,0,0,6,14,0.2,325
Co2.6Fe7.4Ox / NPC,Fe,1,1,2,1,0,7,0,1,GC,0,2.6,0,7.4,0,0,0,0,0,0,0,0,5.6,14,0.357,328
NaNi0.75Fe0.25O2,Ni,1,0,0,0,1,8,0,0,NF,11,0,0.75,0.25,0,0,0,0,0,0,0,0,3.5,14,0.13,330
MoO2,Other TMs,1,0,0,0,0,7,1,1,NF,0,0,0,0,1,0,0,0,0,0,0,0,,14,3.4,330
NiCo2O4/NF,Co,1,0,0,0,0,6,1,1,NF,0,2,1,0,0,0,0,0,0,0,0,0,0.6666666667,14,,330
NiCo2O4@MnO2,Co,1,0,0,0,0,4,2,1,carbon_based,0,2,1,0,0,1,0,0,0,0,0,0,5.6,14,0.6,337
Co3O4/NF,Co,1,0,0,0,0,2,1,1,NF,0,3,0,0,0,0,0,0,0,0,0,0,5.918083462,14,1.5,339
Co3O4/NiCo2O4,Co,1,0,0,0,0,4,0,1,NF,0,5,1,0,0,0,0,0,0,0,0,0,2.428571429,14,1,340
Co–Fe–O/rgo,Co,1,1,4,0,0,3,0,0,GC,0,2,0,1,0,0,0,0,0,0,0,0,3.5,14,0.1,340
NiCo2O4/NF,Co,1,0,0,0,0,7,1,1,NF,0,2,1,0,0,0,0,0,0,0,0,0,4.33,14,,340
ZnCo2O4/NF,Co,1,0,0,0,0,7,1,1,NF,0,2,0,0,0,0,0,1,0,0,0,0,2.571428571,14,,340
MnO2/NiCo2O4/NF,Ni,1,0,0,0,0,7,1,1,NF,0,0.76,17.344,0,0,1,0,0,0,0,0,0,,14,,340
CFP/NiCo2O4/ Co0.57Ni0.43 LMO,Co,1,1,1,0,0,4,2,1,carbon_based,0,2.57,1.43,0,0,0,0,0,0,0,0,0,5.625,13,,340
N-CG-CoO,Co,1,1,3,1,0,6,2,0,GC,0,1,0,0,0,0,0,0,0,0,0,0,,14,0.7,340
Co3O4,Co,1,0,0,0,0,7,3,0,TM_based,0,3,0,0,0,0,0,0,0,0,0,0,,14,0.4,340
Co3O4,Co,1,1,3,0,0,7,3,1,carbon_based,0,3,0,0,0,0,0,0,0,0,0,0,2.57,14,,340
Co3O4/CC,Co,1,1,3,0,0,2,2,1,carbon_based,0,3,0,0,0,0,0,0,0,0,0,0,,14,,341
NiFe2O4/NF,Fe,1,0,0,0,0,7,1,1,NF,0,0,1,2,0,0,0,0,0,0,0,0,5.6,14,,343
Fe2O3@Ni2Co-LDH,Fe,1,0,0,0,0,4,0,1,NF,0,1,2,2,0,0,0,0,0,0,0,0,,14,1,344
Co–Fe–O/rgo,Co,1,1,4,0,0,3,0,0,GC,0,4,0,1,0,0,0,0,0,0,0,0,5,14,0.1,350
CoFe2O4,Fe,1,0,0,0,0,8,1,1,NF,0,1,0,2,0,0,0,0,0,0,0,0,,14,1.03,350
Co3O4/NF,Co,1,0,0,0,0,7,1,1,NF,0,3,0,0,0,0,0,0,0,0,0,0,,14,0.3,350
NiCo2O4/NF,Co,1,0,0,0,0,2,1,1,NF,0,2,1,0,0,0,0,0,0,0,0,0,3.5,14,3,350
VO2 (Anneal)/CFP,Other TMs,1,0,0,0,0,3,2,0,carbon_based,0,0,0,0,0,0,0,0,0,1,0,0,5.6,14,,350
NiCo2O4,Co,1,1,3,0,0,2,2,1,carbon_based,0,2,1,0,0,0,0,0,0,0,0,0,,13,,350
Fe2O3/IF,Fe,1,0,0,0,0,7,3,1,TM_based,0,0,0,2,0,0,0,0,0,0,0,0,6,14,,350
Fe-NiOx,Fe,1,0,0,0,0,7,0,0,GC,0,0,1,1,0,0,0,0,0,0,0,0,5.918083462,14,0.4,355
Co4.5Fe5.5Ox / NPC,Fe,1,1,2,1,0,7,0,1,GC,0,4.5,0,5.5,0,0,0,0,0,0,0,0,,14,0.357,356
NiCo2O4/NiO,Co,1,0,0,0,0,7,0,0,GC,0,2,2,0,0,0,0,0,0,0,0,0,0.5,14,1.06,360
CuCo2O4/NrGO,Co,1,1,4,1,0,3,0,0,GC,0,2,0,0,0,0,1,0,0,0,0,0,,14,0.14,360
NiCo2O,Co,1,0,0,0,0,6,0,1,GC,0,2,1,0,0,0,0,0,0,0,0,0,,14,0.2,362
Co6.7Fe3.3Ox / NPC,Co,1,1,2,1,0,7,0,1,GC,0,6.7,0,3.3,0,0,0,0,0,0,0,0,3.5,14,0.357,362
Ir@Co3O4,Co,1,0,0,0,0,2,0,0,GC,0,3,0,0,0,0,0,0,0,0,0,0,,13,0.285,365
Ni/NiO/NiCo2O4–N-CNT,Ni,1,1,1,1,0,3,0,1,GC,0,2,3,0,0,0,0,0,0,0,0,0,2.428571429,13,0.24,370
NiCo2O4/NF,Co,1,0,0,0,0,7,1,1,NF,0,2,1,0,0,0,0,0,0,0,0,0,2.428571429,13,0.57,370
Fe2O3/NF,Fe,1,0,0,0,0,7,1,1,NF,0,0,0,2,0,0,0,0,0,0,0,0,,14,0.05,378
NiOx,Ni,1,0,0,0,0,7,1,0,TM_based,0,0,1,0,0,0,0,0,0,0,0,0,3.071428571,14,,378
MnOx/CNT,Other TMs,1,1,1,0,0,6,0,0,GC,0,0,0,0,0,1,0,0,0,0,0,0,5.25,14,0.28,379
0.61NiMnO3/NiMn2O4,Ni,1,0,0,0,0,3,0,0,GC,0,0,1.89,0,0,3,0,0,0,0,0,0,6,13,0.24,380
Co0.77Fe9.23Ox / NPC,Fe,1,1,2,1,0,7,0,1,GC,0,0.77,0,9.23,0,0,0,0,0,0,0,0,2.428571429,14,0.357,380
NiCo2O4/CT,Co,1,0,0,0,0,2,2,1,carbon_based,0,2,1,0,0,0,0,0,0,0,0,0,5.918083462,14,0.6,380
CoO-Co/NCNT,Co,1,1,1,1,0,3,2,0,GC,0,2,0,0,0,0,0,0,0,0,0,0,2.57,14,0.21,380
NiCo2O4/GN,Co,1,1,2,0,0,6,0,1,GC,0,2,1,0,0,0,0,0,0,0,0,0,5.243445693,14,25.5,383
Co3O4/C,Co,1,1,3,0,0,2,0,1,GC,0,3,0,0,0,0,0,0,0,0,0,0,5.25,13,0.2,387
Co–Fe–O/rgo,Fe,1,1,4,0,0,3,0,0,GC,0,1,0,4,0,0,0,0,0,0,0,0,2.428571429,14,0.1,390
Co-CoO/N-rGO,Co,1,1,4,1,0,2,2,1,GC,0,2,0,0,0,0,0,0,0,0,0,0,,13,0.21,390
NiCoO2@OMC,Ni,1,1,3,0,0,3,2,1,GC,0,1,1,0,0,0,0,0,0,0,0,0,,14,0.567,390
Metal Ion Doped MnO2/CFP,Other TMs,1,1,1,0,0,7,2,1,carbon_based,0,0.016,0.002,0.109,0,1,0,0,0,0.109,0,0,3.75,14,800,390
Ni/NiCo2O4–N-CNT,Ni,1,1,1,1,0,3,0,1,GC,0,2,2,0,0,0,0,0,0,0,0,0,6,13,0.24,392
Co3O4,Co,1,0,0,0,0,7,3,0,TM_based,0,3,0,0,0,0,0,0,0,0,0,0,4.55,13,0.4,392
NiCo2O4/Ti4O7,Co,1,0,0,0,0,7,0,0,GC,0,2,1,0,0,0,0,0,0,0,0,4,2.71,14,,398
Co3O4,Co,1,1,3,0,0,2,0,1,TM_based,0,3,0,0,0,0,0,0,0,0,0,0,,13,0.2,398
Co–Fe–O/rgo,Co,1,1,4,0,0,3,0,0,GC,0,1,0,1,0,0,0,0,0,0,0,0,2.571428571,14,0.1,400
Co3O4/NrGO,Co,1,1,4,1,0,3,0,0,GC,0,3,0,0,0,0,0,0,0,0,0,0,1.5,14,0.14,400
NiO-Ni/NCNT,Ni,1,1,1,1,0,3,2,0,GC,0,0,2,0,0,0,0,0,0,0,0,0,,14,0.21,400
NiCo2O4–N-CNT,Co,1,1,1,1,0,3,0,1,GC,0,2,1,0,0,0,0,0,0,0,0,0,1.166666667,13,0.24,406
Co8.7Fe1.3Ox / NPC,Co,1,1,2,1,0,7,0,1,GC,0,8.7,0,1.3,0,0,0,0,0,0,0,0,2.71,14,0.357,408
Co3O4,Co,1,0,0,0,0,2,3,1,TM_based,0,3,0,0,0,0,0,0,0,0,0,0,2.571428571,13,,408
Ni2CoO,Ni,1,0,0,0,0,6,0,1,GC,0,1,2,0,0,0,0,0,0,0,0,0,4.666666667,13,0.2,410
CuCo2O4/NrGO,Co,1,1,4,1,0,3,0,0,GC,0,2,0,0,0,0,1,0,0,0,0,0,2.428571429,14,0.14,410
Co3O4/NF,Co,1,0,0,0,0,6,1,1,NF,0,3,0,0,0,0,0,0,0,0,0,0,2.57,13,0.57,410
NiCo2O4/C,Co,1,1,3,0,0,7,0,0,GC,0,2,1,0,0,0,0,0,0,0,0,0,,14,,414
NiCo2O4/C,Co,1,1,3,0,0,3,0,0,GC,0,2,1,0,0,0,0,0,0,0,0,0,4.714285714,14,,418
ZnCo2O4/CF,Co,1,1,1,0,0,2,2,0,carbon_based,0,2,0,0,0,0,0,1,0,0,0,0,3.5,14,,419
Co–Fe–O,Co,1,0,0,0,0,3,0,0,GC,0,2,0,1,0,0,0,0,0,0,0,0,,14,0.1,420
Co@Co3O4/NC-CNT,Co,1,1,1,1,0,4,0,1,GC,0,4,0,0,0,0,0,0,0,0,0,0,2.428571429,14,0.21,420
CG-CoO,Co,1,1,3,0,0,6,2,0,GC,0,1,0,0,0,0,0,0,0,0,0,0,4,14,0.7,420
CoO@OMC,Co,1,1,3,0,0,3,2,1,GC,0,1,0,0,0,0,0,0,0,0,0,0,3.5,14,0.567,420
S-CoO@N-RGO,Co,1,1,4,1,1,3,0,0,GC,16,1,0,0,0,0,0,0,0,0,0,0,1.5,13,0.2,426
1.57NiMnO3/NiMn2O4,Ni,1,0,0,0,0,3,0,0,GC,0,0,2.22,0,0,3,0,0,0,0,0,0,,13,0.24,430
Co10Ox / NPC,Co,1,1,2,1,0,7,0,1,GC,0,10,0,0,0,0,0,0,0,0,0,0,3.114285714,14,0.357,430
3.11NiMnO3/NiMn2O4,Ni,1,0,0,0,0,3,0,0,GC,0,0,2.52,0,0,3,0,0,0,0,0,0,2.57,13,0.24,435
CuO@FTO,Other TMs,1,0,0,0,0,5,3,0,TM_based,0,0,0,0,0,0,1,0,0,0,0,0,6,14,,436
Co3O4/NrGO,Co,1,1,4,1,0,3,0,0,GC,0,3,0,0,0,0,0,0,0,0,0,0,2.57,14,0.14,440
NiCo2O4/graphene,Co,1,1,2,0,0,7,0,1,GC,0,2,1,0,0,0,0,0,0,0,0,0,3.333333333,13,0.407,440
Mn3O4/CoSe2,Other TMs,1,0,0,0,0,4,0,0,GC,34,1,0,0,0,3,0,0,0,0,0,0,6,13,0.2,450
NiCo2O4/rGO,Co,1,1,4,0,0,7,0,1,GC,0,2,1,0,0,0,0,0,0,0,0,0,,13,1.167,450